Workbook

Sheet 00_사용법
A1: 자사 엑셀 익명화(BYOD) 점검표 — 2일차 Standard · 6일차 기획서
A3: ■ 원칙 — 구조만 내 것, 값은 비식별
A4: 원본은 내 PC의 엑셀 · Orange에서만 연다. 익명화본도 GitHub(개인 저장소 · fork)에는 올리지 않는다. AI에는 익명화본만, 학습 설정을 끈 뒤에 넣는다.
A5: ■ 순서
A6: ① 01_규칙표의 7행마다 '내 파일의 열 이름'을 적고, 처리했으면 '처리함'을 예로 바꾼다(해당 열이 없으면 '해당 없음').
A7: ② 03_대응표_private 시트처럼 코드 · 날짜 이동 · 권역 · 비밀 계수 k를 만든다 → 이 시트는 별도 파일(예: byod_key_private.xlsx)로 옮겨 내 PC에만 둔다.
A8: ③ 02_변환예시의 수식처럼 내 파일에 변환 열을 만든다(원본 열은 고치지 않는다).
A9: ④ 변환 열만 '값 붙여넣기'로 새 통합 문서에 옮겨 저장한다(예: 내파일_anon.xlsx) — 원본 열 · 대응표 · k가 남지 않게.
A10: ⑤ 01_규칙표 아래 '마지막 확인 4가지'가 모두 예이고, 판정 칸이 '통과'일 때만 실습에 쓴다.
A11: ■ 파일 이름
A12: 대응표 · 비밀 계수 파일 이름에는 _private를 넣는다(예: byod_key_private.xlsx) — 과정 저장소의 .gitignore가 git 커밋을 막는다. GitHub 웹의 'Upload files'는 .gitignore와 관계없이 올라가므로 올리기 전에 파일을 직접 확인한다.
A13: ■ 근거와 한계
... A15: 실수로 실데이터를 올렸다면: 그 대화를 바로 삭제 → 강사 · 도우미에게 알림(비난하지 않고 기록만) → 가상 데이터로 계속.

Sheet 01_규칙표
A1: 익명화 규칙 7가지 + 마지막 확인 4가지
A2: # | B2: 원본 칸 | C2: 이렇게 바꾼다 | D2: 예(가상) | E2: 내 파일의 열 이름 | F2: 처리함 | G2: 메모
A3: 1 | B3: 바이어명 · 담당자명 · 이메일 · 전화 | C3: 지우고 BUYER_### 코드로 바꾼다. 코드 ↔ 실제 이름 대응표는 내 PC의 별도 파일(…_private.xlsx)에만 둔다 | D3: (가상) Alpha Trading GmbH → BUYER_001
A4: 2 | B4: 국가 | C4: 그 나라 바이어가 3곳 미만이면 권역으로 올린다 | D4: KEN(1곳) → 사하라 이남 아프리카
A5: 3 | B5: 금액 | C5: 파일마다 비밀 계수 k(0.5~2.0 사이 아무 수)를 곱하거나 구간으로 바꾼다 | D5: 123,400 × k(1.37) → 169,100 · 또는 '5만~20만'
A6: 4 | B6: 날짜 | C6: 바이어별로 같은 날수(0~90일)만큼 옮긴다 — 연체일 · 결제기간 같은 '간격'은 그대로 | D6: 2025-03-02 → 2025-04-11(+40일)
A7: 5 | B7: 인보이스 · L/C · B/L 번호 | C7: 1, 2, 3 … 순번으로 새로 매긴다 | D7: INV-2025-0383 → INV-0001
A8: 6 | B8: 메모 · 메일 본문 같은 자유 서술 | C8: 지우거나 분류 코드로 바꾼다(분쟁 사유 = 품질 / 수량 / 서류 / 가격) | D8: "customer claims damaged goods" → DISPUTE_QUALITY
A9: 7 | B9: 은행 · 계좌 정보 | C9: 완전히 지운다(코드로도 남기지 않는다) | D9: — (열 삭제)
A11: # | B11: 마지막 확인 | F11: 예/아니오 | G11: 메모
A12: 확인 1 | B12: 파일 안에서 회사 이름 · 이메일 도메인을 검색(Ctrl+F)해 0건이다
A13: 확인 2 | B13: 한 행만 보고 어느 회사인지 알 수 없다(국가 + 업종 + 금액 조합으로도)
A14: 확인 3 | B14: 회사 보안 규정 · NDA(비밀유지계약)에 어긋나지 않는다
A15: 확인 4 | B15: 쓰려는 AI 서비스의 학습 설정을 껐다(무료 소비자 AI · Colab AI에는 원본을 넣지 않는다)
B17: 판정 | C17: =IF(AND(COUNTIF(F3:F9,"예")+COUNTIF(F3:F9,"해당 없음")=7,COUNTIF(F12:F15,"예")=4),"통과 — 실습에 써도 된다","미통과 — 아직 쓰지 않는다")

Sheet 02_변환예시
A1: 가상 예시 8행 — 왼쪽 원본(회색), 오른쪽 변환(파랑). 내 파일에서는 같은 수식을 내 열 이름 · 행 범위에 맞춰 쓴다
A2: buyer_name | B2: contact_email | C2: country | D2: invoice_no | E2: invoice_date | F2: amount_usd | G2: memo | H2: bank_account | J2: buyer_code | K2: country_out | L2: invoice_seq | M2: invoice_date_out | N2: amount_out | O2: amount_band | P2: memo_code
A3: (가상) Alpha Trading GmbH | B3: kim@alpha.example | C3: DEU | D3: INV-2025-0383 | E3: 45718 | F3: 123400 | G3: partial payment, rest next month | H3: XX00 0000 0000 0001 | J3: =IFERROR(VLOOKUP(A3,'03_대응표_private'!$A$4:$C$20,2,FALSE),"대응표에 없음") | K3: =IF(COUNTIF($C$3:$C$10,C3)<3,IFERROR(VLOOKUP(C3,'03_대응표_private'!$E$4:$F$40,2,FALSE),"기타 권역"),C3) | L3: ="INV-"&TEXT(ROW()-2,"0000") | M3: =E3+VLOOKUP(A3,'03_대응표_private'!$A$4:$C$20,3,FALSE) | N3: =ROUND(F3*'03_대응표_private'!$B$23,-2) | O3: =IF(F3<10000,"1만 달러 미만",IF(F3<50000,"1만~5만",IF(F3<200000,"5만~20만","20만 이상"))) | P3: PAYMENT_PARTIAL
A4: (가상) Alpha Trading GmbH | B4: kim@alpha.example | C4: DEU | D4: INV-2025-0391 | E4: 45734 | F4: 45800 | H4: XX00 0000 0000 0001 | J4: =IFERROR(VLOOKUP(A4,'03_대응표_private'!$A$4:$C$20,2,FALSE),"대응표에 없음") | K4: =IF(COUNTIF($C$3:$C$10,C4)<3,IFERROR(VLOOKUP(C4,'03_대응표_private'!$E$4:$F$40,2,FALSE),"기타 권역"),C4) | L4: ="INV-"&TEXT(ROW()-2,"0000") | M4: =E4+VLOOKUP(A4,'03_대응표_private'!$A$4:$C$20,3,FALSE) | N4: =ROUND(F4*'03_대응표_private'!$B$23,-2) | O4: =IF(F4<10000,"1만 달러 미만",IF(F4<50000,"1만~5만",IF(F4<200000,"5만~20만","20만 이상")))
A5: (가상) Beta Instruments Ltd | B5: ops@beta.example | C5: KEN | D5: INV-2025-0402 | E5: 45748 | F5: 18900 | G5: customer claims damaged goods | H5: XX00 0000 0000 0002 | J5: =IFERROR(VLOOKUP(A5,'03_대응표_private'!$A$4:$C$20,2,FALSE),"대응표에 없음") | K5: =IF(COUNTIF($C$3:$C$10,C5)<3,IFERROR(VLOOKUP(C5,'03_대응표_private'!$E$4:$F$40,2,FALSE),"기타 권역"),C5) | L5: ="INV-"&TEXT(ROW()-2,"0000") | M5: =E5+VLOOKUP(A5,'03_대응표_private'!$A$4:$C$20,3,FALSE) | N5: =ROUND(F5*'03_대응표_private'!$B$23,-2) | O5: =IF(F5<10000,"1만 달러 미만",IF(F5<50000,"1만~5만",IF(F5<200000,"5만~20만","20만 이상"))) | P5: DISPUTE_QUALITY
A6: (가상) Gamma Industrial Co. | B6: buy@gamma.example | C6: VNM | D6: INV-2025-0410 | E6: 45756 | F6: 76250 | G6: short shipment 2 boxes | H6: XX00 0000 0000 0003 | J6: =IFERROR(VLOOKUP(A6,'03_대응표_private'!$A$4:$C$20,2,FALSE),"대응표에 없음") | K6: =IF(COUNTIF($C$3:$C$10,C6)<3,IFERROR(VLOOKUP(C6,'03_대응표_private'!$E$4:$F$40,2,FALSE),"기타 권역"),C6) | L6: ="INV-"&TEXT(ROW()-2,"0000") | M6: =E6+VLOOKUP(A6,'03_대응표_private'!$A$4:$C$20,3,FALSE) | N6: =ROUND(F6*'03_대응표_private'!$B$23,-2) | O6: =IF(F6<10000,"1만 달러 미만",IF(F6<50000,"1만~5만",IF(F6<200000,"5만~20만","20만 이상"))) | P6: DISPUTE_QUANTITY
A7: (가상) Gamma Industrial Co. | B7: buy@gamma.example | C7: VNM | D7: INV-2025-0433 | E7: 45783 | F7: 9800 | H7: XX00 0000 0000 0003 | J7: =IFERROR(VLOOKUP(A7,'03_대응표_private'!$A$4:$C$20,2,FALSE),"대응표에 없음") | K7: =IF(COUNTIF($C$3:$C$10,C7)<3,IFERROR(VLOOKUP(C7,'03_대응표_private'!$E$4:$F$40,2,FALSE),"기타 권역"),C7) | L7: ="INV-"&TEXT(ROW()-2,"0000") | M7: =E7+VLOOKUP(A7,'03_대응표_private'!$A$4:$C$20,3,FALSE) | N7: =ROUND(F7*'03_대응표_private'!$B$23,-2) | O7: =IF(F7<10000,"1만 달러 미만",IF(F7<50000,"1만~5만",IF(F7<200000,"5만~20만","20만 이상")))
A8: (가상) Delta Supplies S.A. | B8: pay@delta.example | C8: MEX | D8: INV-2025-0440 | E8: 45791 | F8: 212000 | G8: invoice price disputed | H8: XX00 0000 0000 0004 | J8: =IFERROR(VLOOKUP(A8,'03_대응표_private'!$A$4:$C$20,2,FALSE),"대응표에 없음") | K8: =IF(COUNTIF($C$3:$C$10,C8)<3,IFERROR(VLOOKUP(C8,'03_대응표_private'!$E$4:$F$40,2,FALSE),"기타 권역"),C8) | L8: ="INV-"&TEXT(ROW()-2,"0000") | M8: =E8+VLOOKUP(A8,'03_대응표_private'!$A$4:$C$20,3,FALSE) | N8: =ROUND(F8*'03_대응표_private'!$B$23,-2) | O8: =IF(F8<10000,"1만 달러 미만",IF(F8<50000,"1만~5만",IF(F8<200000,"5만~20만","20만 이상"))) | P8: DISPUTE_PRICE
A9: (가상) Epsilon Tech Kft. | B9: hu@eps.example | C9: DEU | D9: INV-2025-0452 | E9: 45811 | F9: 33300 | G9: B/L copy missing | H9: XX00 0000 0000 0005 | J9: =IFERROR(VLOOKUP(A9,'03_대응표_private'!$A$4:$C$20,2,FALSE),"대응표에 없음") | K9: =IF(COUNTIF($C$3:$C$10,C9)<3,IFERROR(VLOOKUP(C9,'03_대응표_private'!$E$4:$F$40,2,FALSE),"기타 권역"),C9) | L9: ="INV-"&TEXT(ROW()-2,"0000") | M9: =E9+VLOOKUP(A9,'03_대응표_private'!$A$4:$C$20,3,FALSE) | N9: =ROUND(F9*'03_대응표_private'!$B$23,-2) | O9: =IF(F9<10000,"1만 달러 미만",IF(F9<50000,"1만~5만",IF(F9<200000,"5만~20만","20만 이상"))) | P9: DISPUTE_DOCS
A10: (가상) Delta Supplies S.A. | B10: pay@delta.example | C10: MEX | D10: INV-2025-0460 | E10: 45828 | F10: 58100 | H10: XX00 0000 0000 0004 | J10: =IFERROR(VLOOKUP(A10,'03_대응표_private'!$A$4:$C$20,2,FALSE),"대응표에 없음") | K10: =IF(COUNTIF($C$3:$C$10,C10)<3,IFERROR(VLOOKUP(C10,'03_대응표_private'!$E$4:$F$40,2,FALSE),"기타 권역"),C10) | L10: ="INV-"&TEXT(ROW()-2,"0000") | M10: =E10+VLOOKUP(A10,'03_대응표_private'!$A$4:$C$20,3,FALSE) | N10: =ROUND(F10*'03_대응표_private'!$B$23,-2) | O10: =IF(F10<10000,"1만 달러 미만",IF(F10<50000,"1만~5만",IF(F10<200000,"5만~20만","20만 이상")))
A12: buyer_code: 대응표에서 코드를 찾는다(VLOOKUP). 이메일 · 담당자 열은 변환하지 않고 지운다.
A13: country_out: 같은 나라가 3곳(행) 미만이면 권역으로 올린다 — 실제 파일에서는 '바이어 수'로 센다.
A14: invoice_seq: 행 순서대로 새 번호. 원래 번호는 남기지 않는다.
A15: invoice_date_out: 바이어별 같은 날수를 더한다 → 연체일 · 결제기간 같은 간격은 그대로다.
A16: amount_out / amount_band: 비밀 계수 k를 곱해 100단위로 반올림하거나, 구간으로 바꾼다(둘 중 하나만 공유).
A17: memo_code: 사람이 읽고 분류한다(품질 · 수량 · 서류 · 가격 · 지급). 자유 서술은 남기지 않는다. bank_account: 지운다.
A18: 공유할 때는 파랑 열만 '값 붙여넣기'로 새 파일에 옮긴다.

Sheet 03_대응표_private
A1: 이 시트는 공유 파일에 넣지 않는다 — 별도 파일(…_private.xlsx)로 옮겨 내 PC에만 둔다
A3: 원본 바이어명 | B3: 코드 | C3: 날짜 이동(일) | E3: 국가 코드 | F3: 권역
A4: (가상) Alpha Trading GmbH | B4: BUYER_001 | C4: 40 | E4: KEN | F4: 사하라 이남 아프리카
A5: (가상) Beta Instruments Ltd | B5: BUYER_002 | C5: 12 | E5: NGA | F5: 사하라 이남 아프리카
A6: (가상) Gamma Industrial Co. | B6: BUYER_003 | C6: 73 | E6: VNM | F6: 동남아
A7: (가상) Delta Supplies S.A. | B7: BUYER_004 | C7: 5 | E7: IDN | F7: 동남아
A8: (가상) Epsilon Tech Kft. | B8: BUYER_005 | C8: 61 | E8: THA | F8: 동남아
E9: MEX | F9: 중남미
E10: BRA | F10: 중남미
E11: DEU | F11: 서유럽
E12: NLD | F12: 서유럽
E13: POL | F13: 중동부 유럽
E14: TUR | F14: 중동
E15: SAU | F15: 중동
E16: ARE | F16: 중동
E17: EGY | F17: 중동·북아프리카
A22: 금액 비밀 계수 k(0.5~2.0) — 내 값으로 바꾸고 아무에게도 알리지 않는다
A23: k = | B23: 1.37
