Workbook

Sheet 00_README
A1: roi_kpi_template.xlsx — 6일차 KPI · ROI 템플릿(팀 roi/roi_kpi.xlsx · 개인 d6_roi__T{조}-{번호}.xlsx)
A2: 생성형 AI 기반 무역 금융 리스크 최적화 과정 · 6일차 Step 5(5교시) · 03 Part2 §6.8
A3: (가상) 한빛정밀(주) 교육용 — 들어 있는 값은 모두 [교육용 가정]
A5: 색 | B5: 노랑 = 입력 · 회색 = 계산(고치지 않는다) · 파랑 = 출처가 있는 기준값
A6: 시트 | B6: 10_KPI(DSO · BPDSO · ADD · CEI · 30일 초과 연체 비중 · 대손율 · DSO 감소율 · 미수금 발생률) · 20_ROI(팀 3안, 편집) · 21_Walkthrough(워크스루 고정 사본) · 30_ToolCost(도구비 S0–S3 · 운영비 계산기) · 40_MyKPI(나만의 KPI 3개) · 50_TimeLog(1주 타임로그) · 60_Sensitivity(신뢰도 × DSO 단축 민감도 — C 트랙) · 70_Benchmark(목표 설정 기준)
A7: 팀(③ 역할) | B7: 이 파일을 `roi/roi_kpi.xlsx`로 저장 → 20_ROI에서 워크스루 3안을 확인 → 우리 카드에 맞게 편익 1항목을 고친다(근거를 G열에) → CP3(14:50) 커밋
A8: 개인 | B8: 이 파일을 `d6_roi__T{조}-{번호}.xlsx`로 저장 → 40_MyKPI 3행 + (S 트랙) 자사 값으로 보수안 → 17:50 비공개 폼. 저장소에 올리지 않는다
A9: 규칙 1 | B9: 보수안부터 보여 준다 — 측정 가능한 시간 절감만 넣은 안. 발표 · 기획서 9장도 보수안이 첫 줄
A10: 규칙 2 | B10: 재무 AI ROI 중앙값 10%(BCG)와 비교한 문장을 한 줄 쓴다. 기준안이 중앙값보다 훨씬 크면 인과 근거(파일럿 전후 비교)를 붙인다
A11: 규칙 3 | B11: DSO는 신용(외상)매출로만 나눈다 — 현금매출을 넣으면 DSO가 작게 나온다. CEI 분모는 기말 정상(미연체)채권
A12: 규칙 4 | B12: 계획서의 '미수금 전수조사 시간 90% 단축'은 목표의 예일 뿐 근거가 아니다 — 기준선은 1주 타임로그로 잰다
A13: 규칙 5 | B13: [교육용 가정] 표시는 지우지 않는다. 자사 값은 익명화 체크리스트를 통과한 것만 개인 파일에
A14: LLM | B14: 산식 설명에만 쓴다. 숫자는 이 시트에서 계산한다(AI가 다시 계산한 숫자를 붙여 넣지 않는다)
A15: 검산 | B15: CRF 예: 분기 신용매출 3,000 · 기말 1,400(정상 900) · 기초 1,300(천 달러) → DSO 42 · BPDSO 27 · ADD 15 · CEI 64.3% (10_KPI C열)

Sheet 10_KPI
A1: 10_KPI — 매출채권 KPI(CRF 정의) · DSO 감소율 · 미수금 발생률
A2: C열 = CRF 검산 예(천 달러) — 고치지 않는다 · D열 = 우리 값(노랑, 익명화한 자사 값이나 [교육용 가정]) · 회색 = 계산
A5: 구분 | B5: 이름 | C5: 검산 예(CRF) | D5: 우리 값 | E5: 단위 | F5: 설명 · 출처
A6: 입력 | B6: PeriodDays (측정 기간 일수) | C6: 90 | E6: 일 | F6: 분기 90 등
A7: 입력 | B7: CreditSales_P (기간 신용(외상)매출) | C7: 3000 | E7: 금액 | F7: 현금매출 제외 [R10]
A8: 입력 | B8: AR_End (기말 총채권) | C8: 1400 | E8: 금액
A9: 입력 | B9: AR_Current_End (기말 정상(미연체)채권) | C9: 900 | E9: 금액 | F9: BPDSO · CEI 분모에 쓴다
A10: 입력 | B10: AR_Begin (기초 채권) | C10: 1300 | E10: 금액
A11: 입력 | B11: AR_Over30_End (기말 30일 초과 연체 채권) | E11: 금액 | F11: IFRS 9 30일 추정선 · K-SURE 30일 면책선과 정렬 [R01]
A12: 입력 | B12: N_Months (기간 개월 수) | C12: 3 | E12: 개월 | F12: CEI용
A13: 입력 | B13: BadDebt_Y (연 대손상각액) | E13: 금액 | F13: 사내 정의
A14: 입력 | B14: CreditSales_Y (연 신용매출) | E14: 금액
A15: 입력 | B15: DSO_Baseline (기준선 DSO) | C15: 42 | E15: 일 | F15: 도입 전 같은 정의로 잰 최근 값
A16: 입력 | B16: DSO_Current (현재 DSO) | C16: 40 | E16: 일 | F16: 도입 후 값
A17: 입력 | B17: Due_P (기간 중 만기 도래 금액) | C17: 100 | E17: 금액 | F17: 미수금 발생률 분모 — 예: 분기 만기 100억 원 [가상 예시]
A18: 입력 | B18: Unpaid_ByDue (기일 내 미회수 금액) | C18: 12 | E18: 금액 | F18: 결제기일까지 못 받은 금액 — 예: 12억 원 [가상 예시]
A20: 계산 | B20: DSO (매출채권 회수기간) | C20: =IF(AND(ISNUMBER(C8),C7>0),C8*C6/C7,"") | D20: =IF(AND(ISNUMBER(D8),D7>0),D8*D6/D7,"") | F20: 기말 총채권 × 일수 ÷ 기간 신용매출 [CRF · R01]
A21: 계산 | B21: BPDSO (최선 가능 DSO) | C21: =IF(AND(ISNUMBER(C9),C7>0),C9*C6/C7,"") | D21: =IF(AND(ISNUMBER(D9),D7>0),D9*D6/D7,"") | F21: 기말 정상채권 × 일수 ÷ 기간 신용매출
A22: 계산 | B22: ADD (평균 지연일) | C22: =IF(AND(ISNUMBER(C20),ISNUMBER(C21)),C20-C21,"") | D22: =IF(AND(ISNUMBER(D20),ISNUMBER(D21)),D20-D21,"") | F22: DSO − BPDSO
A23: 계산 | B23: CEI (회수효율지수) | C23: =IFERROR((C10+C7/C12-C8)/(C10+C7/C12-C9),"") | D23: =IFERROR((D10+D7/D12-D8)/(D10+D7/D12-D9),"") | F23: (기초 + 기간 신용매출 ÷ 개월 − 기말 총채권) ÷ (기초 + 기간 신용매출 ÷ 개월 − 기말 정상채권). 100%에 가까울수록 좋다
A24: 계산 | B24: Over30_Share (30일 초과 연체 비중) | C24: =IF(AND(ISNUMBER(C11),C8>0),C11/C8,"") | D24: =IF(AND(ISNUMBER(D11),D8>0),D11/D8,"") | F24: 기말 30일 초과 연체 ÷ 기말 총채권
A25: 계산 | B25: BadDebt_Rate (대손율) | C25: =IF(AND(ISNUMBER(C13),C14>0),C13/C14,"") | D25: =IF(AND(ISNUMBER(D13),D14>0),D13/D14,"") | F25: 연 대손상각액 ÷ 연 신용매출(사내 정의) → 20_ROI BadDebtRate_Now
A26: 계산 | B26: DSO_Cut_Rate (DSO 감소율) | C26: =IF(AND(ISNUMBER(C15),ISNUMBER(C16),C15>0),(C15-C16)/C15,"") | D26: =IF(AND(ISNUMBER(D15),ISNUMBER(D16),D15>0),(D15-D16)/D15,"") | F26: (기준선 DSO − 현재 DSO) ÷ 기준선 DSO — 42일 → 40일이면 약 4.8%
A27: 계산 | B27: Unpaid_Rate (미수금 발생률) | C27: =IF(AND(ISNUMBER(C18),C17>0),C18/C17,"") | D27: =IF(AND(ISNUMBER(D18),D17>0),D18/D17,"") | F27: 기일 내 미회수 금액 ÷ 기간 중 만기 도래 금액(과정 정의) — 대손율(못 받는다고 확정한 금액)과 다르다

Sheet 20_ROI
A1: 20_ROI — 팀 ROI 3안(보수 · 기준 · 낙관) · 03 Part2 §6.8 산식
A2: 노랑 = 입력(지금은 워크스루 [교육용 가정] 값 — 우리 값으로 바꾼다) · 회색 = 계산(고치지 않는다) · 파랑 = 출처가 있는 기준값
A3: 보수안부터 보여 준다(측정 가능한 시간 절감만) · 숫자마다 출처나 [교육용 가정]을 붙인다 · 무형 효과(사기 차단 · 면책 회피)는 숫자에 넣지 않는다
A5: 구분 | B5: 이름 | C5: 보수 | D5: 기준 | E5: 낙관 | F5: 단위 | G5: 설명 · 출처
A6: 입력 | B6: CreditSales_Y (연 신용(외상)매출) | C6: 36000000000 | D6: 36000000000 | E6: 36000000000 | F6: 원 | G6: 한빛 매출 약 450억 × 수출 80%, 전액 외상 가정 [교육용 가정] — 현금매출은 넣지 않는다
A7: 입력 | B7: FundingRate (조달금리) | C7: 0.065 | D7: 0.065 | E7: 0.065 | F7: 연 | G7: 하나 92일 환가료 6.533% · OA 매입 실효 6.59% 참고(4일차 01_Params)
A8: 입력 | B8: WageHour (시간당 인건비) | C8: 40000 | D8: 40000 | E8: 40000 | F8: 원/시간 | G8: [교육용 가정]
A9: 입력 | B9: HoursSaved_M (월 검토시간 절감) | C9: 20 | D9: 20 | E9: 20 | F9: 시간/월 | G9: 1주 타임로그(50_TimeLog)로 기준선을 잰 뒤 바꾼다
A10: 입력 | B10: Conf_Time (시간 절감 신뢰도) | C10: 0.7 | D10: 0.7 | E10: 0.7 | F10: % | G10: 효과 분리(Phillips) — AI 덕분이라고 확신하는 정도
A11: 입력 | B11: DSO_Cut (DSO 단축 일수) | C11: 0 | D11: 2 | E11: 5 | F11: 일 | G11: 현재 DSO − 목표 DSO. 보수안은 0(측정 가능한 시간 절감만)
A12: 입력 | B12: Conf_DSO (DSO 효과 신뢰도) | C12: 0.5 | D12: 0.5 | E12: 0.5 | F12: % | G12: [교육용 가정]
A13: 입력 | B13: BadDebtRate_Now (현재 대손율) | C13: 0.0067 | D13: 0.0067 | E13: 0.0067 | F13: % | G13: =연 대손상각액 ÷ 연 신용매출(10_KPI) · 참고 C27 중소 0.67%(G01)
A14: 입력 | B14: BadDebtRate_Target (목표 대손율) | C14: 0.006 | D14: 0.006 | E14: 0.006 | F14: % | G14: [교육용 가정]
A15: 입력 | B15: Conf_BD (대손 효과 신뢰도) | C15: 0 | D15: 0 | E15: 0.3 | F15: % | G15: 낙관안만 [교육용 가정]
A16: 입력 | B16: ToolCost_Y (연 도구비) | C16: 1400000 | D16: 1400000 | E16: 1400000 | F16: 원/년 | G16: 30_ToolCost에서 고른 시나리오(워크스루 = S1 계획값)
A17: 입력 | B17: APICost_Y (연 API 비용) | C17: 0 | D17: 0 | E17: 0 | F17: 원/년 | G17: 운영비 = 사용자 × 호출 × 일 × 단가(30_ToolCost 계산기)
A18: 입력 | B18: OpsHours_M (월 운영시간) | C18: 5 | D18: 5 | E18: 5 | F18: 시간/월 | G18: [교육용 가정]
A19: 입력 | B19: BuildHours (구축 내부시간) | C19: 80 | D19: 80 | E19: 80 | F19: 시간 | G19: [교육용 가정]
A20: 입력 | B20: TrainingCost (교육비) | C20: 0 | D20: 0 | E20: 0 | F20: 원 | G20: [교육용 가정]
A22: 계산
A23: 계산 | B23: WC_Release (운전자본 해제액) | C23: =C11*C6/365 | D23: =D11*D6/365 | E23: =E11*E6/365 | G23: DSO_Cut × CreditSales_Y ÷ 365 [R10 추정 산식]
A24: 계산 | B24: Benefit_Fin (금융비용 절감(보정)) | C24: =C23*C7*C12 | D24: =D23*D7*D12 | E24: =E23*E7*E12 | G24: 해제액 × 조달금리 × Conf_DSO
A25: 계산 | B25: Benefit_BD (대손 감소(보정)) | C25: =MAX(0,C13-C14)*C6*C15 | D25: =MAX(0,D13-D14)*D6*D15 | E25: =MAX(0,E13-E14)*E6*E15 | G25: MAX(0, 대손율 − 목표) × CreditSales_Y × Conf_BD
A26: 계산 | B26: Benefit_Time (시간 절감(보정)) | C26: =C9*C8*12*C10 | D26: =D9*D8*12*D10 | E26: =E9*E8*12*E10 | G26: HoursSaved_M × WageHour × 12 × Conf_Time
A27: 계산 | B27: Benefit_Total (총편익(보정)) | C27: =C24+C25+C26 | D27: =D24+D25+D26 | E27: =E24+E25+E26 | G27: 금융비용 절감 + 대손 감소 + 시간 절감
A28: 계산 | B28: Invest_Init (초기투자) | C28: =C19*C8+C20 | D28: =D19*D8+D20 | E28: =E19*E8+E20 | G28: BuildHours × WageHour + TrainingCost
A29: 계산 | B29: Cost_Recurring (연 반복비용) | C29: =C16+C17+C18*C8*12 | D29: =D16+D17+D18*D8*12 | E29: =E16+E17+E18*E8*12 | G29: ToolCost_Y + APICost_Y + OpsHours_M × WageHour × 12
A30: 계산 | B30: Cost_Y1 (1년차 비용) | C30: =C28+C29 | D30: =D28+D29 | E30: =E28+E29 | G30: 초기투자 + 연 반복비용
A32: 결과 | B32: BCR (편익비용비) | C32: =IF(C30>0,C27/C30,"") | D32: =IF(D30>0,D27/D30,"") | E32: =IF(E30>0,E27/E30,"") | G32: 총편익 ÷ 1년차 비용 — 1을 넘어야 남는다
A33: 결과 | B33: ROI (투자수익률 %) | C33: =IF(C30>0,(C27-C30)/C30,"") | D33: =IF(D30>0,(D27-D30)/D30,"") | E33: =IF(E30>0,(E27-E30)/E30,"") | G33: (총편익 − 1년차 비용) ÷ 1년차 비용
A34: 결과 | B34: Payback_M (회수기간(개월)) | C34: =IF(C27-C29<=0,"회수 불가",C28/((C27-C29)/12)) | D34: =IF(D27-D29<=0,"회수 불가",D28/((D27-D29)/12)) | E34: =IF(E27-E29<=0,"회수 불가",E28/((E27-E29)/12)) | G34: 초기투자 ÷ 월 순편익((총편익 − 연 반복비용) ÷ 12). 분모가 0 이하면 '회수 불가'
A36: 결과 | B36: Median_vs (재무 AI ROI 중앙값과 비교) | C36: =IF(ISNUMBER(C33),IF(C33>=$C$37,"중앙값 이상 — 인과 근거(파일럿 전후 비교)를 붙인다","중앙값 이하"),"") | D36: =IF(ISNUMBER(D33),IF(D33>=$C$37,"중앙값 이상 — 인과 근거(파일럿 전후 비교)를 붙인다","중앙값 이하"),"") | E36: =IF(ISNUMBER(E33),IF(E33>=$C$37,"중앙값 이상 — 인과 근거(파일럿 전후 비교)를 붙인다","중앙값 이하"),"") | G36: BCG 재무 AI ROI 중앙값 10%(목표 20%) [R04]
A37: 기준값 | B37: BCG 재무 AI ROI 중앙값 | C37: 0.1 | D37: 0.2 | G37: C = 중앙값 10% · D = 목표 20% — BCG(2025-06) [R04]. 기준안 ROI가 중앙값의 몇 배인지 한 줄로 비교한다
A39: 메모 | B39: 무형 효과(숫자에 넣지 않음)
A41: 선택 | B41: 연속수출 면책 방지 기대효과 | C41: 연 발생확률 × 평균 면책액 — 총편익에 넣으려면 근거(사례 · 확률)를 함께 적는다. K-SURE 공식 사례: U$1,000천 수출 중 U$650천 미회수, U$350천 면책 [R01]

Sheet 21_Walkthrough
A1: 21_Walkthrough — ROI 워크스루(고정) · 03 Part2 §6.8 산식
A2: 고정 사본 — 03 Part2 §6.8 · 슬라이드와 같은 워크스루. 고치지 않는다(비교 기준 · 그림 IMG:d6-#20-a가 이 시트를 읽는다)
A3: 입력 전부 [교육용 가정]: 연 신용매출 360억 · 조달금리 6.5% · 인건비 4만 원/시간 · 1년차 비용 700만 원
A5: 구분 | B5: 이름 | C5: 보수 | D5: 기준 | E5: 낙관 | F5: 단위 | G5: 설명 · 출처
A6: 입력 | B6: CreditSales_Y (연 신용(외상)매출) | C6: 36000000000 | D6: 36000000000 | E6: 36000000000 | F6: 원 | G6: 한빛 매출 약 450억 × 수출 80%, 전액 외상 가정 [교육용 가정] — 현금매출은 넣지 않는다
A7: 입력 | B7: FundingRate (조달금리) | C7: 0.065 | D7: 0.065 | E7: 0.065 | F7: 연 | G7: 하나 92일 환가료 6.533% · OA 매입 실효 6.59% 참고(4일차 01_Params)
A8: 입력 | B8: WageHour (시간당 인건비) | C8: 40000 | D8: 40000 | E8: 40000 | F8: 원/시간 | G8: [교육용 가정]
A9: 입력 | B9: HoursSaved_M (월 검토시간 절감) | C9: 20 | D9: 20 | E9: 20 | F9: 시간/월 | G9: 1주 타임로그(50_TimeLog)로 기준선을 잰 뒤 바꾼다
A10: 입력 | B10: Conf_Time (시간 절감 신뢰도) | C10: 0.7 | D10: 0.7 | E10: 0.7 | F10: % | G10: 효과 분리(Phillips) — AI 덕분이라고 확신하는 정도
A11: 입력 | B11: DSO_Cut (DSO 단축 일수) | C11: 0 | D11: 2 | E11: 5 | F11: 일 | G11: 현재 DSO − 목표 DSO. 보수안은 0(측정 가능한 시간 절감만)
A12: 입력 | B12: Conf_DSO (DSO 효과 신뢰도) | C12: 0.5 | D12: 0.5 | E12: 0.5 | F12: % | G12: [교육용 가정]
A13: 입력 | B13: BadDebtRate_Now (현재 대손율) | C13: 0.0067 | D13: 0.0067 | E13: 0.0067 | F13: % | G13: =연 대손상각액 ÷ 연 신용매출(10_KPI) · 참고 C27 중소 0.67%(G01)
A14: 입력 | B14: BadDebtRate_Target (목표 대손율) | C14: 0.006 | D14: 0.006 | E14: 0.006 | F14: % | G14: [교육용 가정]
A15: 입력 | B15: Conf_BD (대손 효과 신뢰도) | C15: 0 | D15: 0 | E15: 0.3 | F15: % | G15: 낙관안만 [교육용 가정]
A16: 입력 | B16: ToolCost_Y (연 도구비) | C16: 1400000 | D16: 1400000 | E16: 1400000 | F16: 원/년 | G16: 30_ToolCost에서 고른 시나리오(워크스루 = S1 계획값)
A17: 입력 | B17: APICost_Y (연 API 비용) | C17: 0 | D17: 0 | E17: 0 | F17: 원/년 | G17: 운영비 = 사용자 × 호출 × 일 × 단가(30_ToolCost 계산기)
A18: 입력 | B18: OpsHours_M (월 운영시간) | C18: 5 | D18: 5 | E18: 5 | F18: 시간/월 | G18: [교육용 가정]
A19: 입력 | B19: BuildHours (구축 내부시간) | C19: 80 | D19: 80 | E19: 80 | F19: 시간 | G19: [교육용 가정]
A20: 입력 | B20: TrainingCost (교육비) | C20: 0 | D20: 0 | E20: 0 | F20: 원 | G20: [교육용 가정]
A22: 계산
A23: 계산 | B23: WC_Release (운전자본 해제액) | C23: =C11*C6/365 | D23: =D11*D6/365 | E23: =E11*E6/365 | G23: DSO_Cut × CreditSales_Y ÷ 365 [R10 추정 산식]
A24: 계산 | B24: Benefit_Fin (금융비용 절감(보정)) | C24: =C23*C7*C12 | D24: =D23*D7*D12 | E24: =E23*E7*E12 | G24: 해제액 × 조달금리 × Conf_DSO
A25: 계산 | B25: Benefit_BD (대손 감소(보정)) | C25: =MAX(0,C13-C14)*C6*C15 | D25: =MAX(0,D13-D14)*D6*D15 | E25: =MAX(0,E13-E14)*E6*E15 | G25: MAX(0, 대손율 − 목표) × CreditSales_Y × Conf_BD
A26: 계산 | B26: Benefit_Time (시간 절감(보정)) | C26: =C9*C8*12*C10 | D26: =D9*D8*12*D10 | E26: =E9*E8*12*E10 | G26: HoursSaved_M × WageHour × 12 × Conf_Time
A27: 계산 | B27: Benefit_Total (총편익(보정)) | C27: =C24+C25+C26 | D27: =D24+D25+D26 | E27: =E24+E25+E26 | G27: 금융비용 절감 + 대손 감소 + 시간 절감
A28: 계산 | B28: Invest_Init (초기투자) | C28: =C19*C8+C20 | D28: =D19*D8+D20 | E28: =E19*E8+E20 | G28: BuildHours × WageHour + TrainingCost
A29: 계산 | B29: Cost_Recurring (연 반복비용) | C29: =C16+C17+C18*C8*12 | D29: =D16+D17+D18*D8*12 | E29: =E16+E17+E18*E8*12 | G29: ToolCost_Y + APICost_Y + OpsHours_M × WageHour × 12
A30: 계산 | B30: Cost_Y1 (1년차 비용) | C30: =C28+C29 | D30: =D28+D29 | E30: =E28+E29 | G30: 초기투자 + 연 반복비용
A32: 결과 | B32: BCR (편익비용비) | C32: =IF(C30>0,C27/C30,"") | D32: =IF(D30>0,D27/D30,"") | E32: =IF(E30>0,E27/E30,"") | G32: 총편익 ÷ 1년차 비용 — 1을 넘어야 남는다
A33: 결과 | B33: ROI (투자수익률 %) | C33: =IF(C30>0,(C27-C30)/C30,"") | D33: =IF(D30>0,(D27-D30)/D30,"") | E33: =IF(E30>0,(E27-E30)/E30,"") | G33: (총편익 − 1년차 비용) ÷ 1년차 비용
A34: 결과 | B34: Payback_M (회수기간(개월)) | C34: =IF(C27-C29<=0,"회수 불가",C28/((C27-C29)/12)) | D34: =IF(D27-D29<=0,"회수 불가",D28/((D27-D29)/12)) | E34: =IF(E27-E29<=0,"회수 불가",E28/((E27-E29)/12)) | G34: 초기투자 ÷ 월 순편익((총편익 − 연 반복비용) ÷ 12). 분모가 0 이하면 '회수 불가'
A36: 결과 | B36: Median_vs (재무 AI ROI 중앙값과 비교) | C36: =IF(ISNUMBER(C33),IF(C33>=$C$37,"중앙값 이상 — 인과 근거(파일럿 전후 비교)를 붙인다","중앙값 이하"),"") | D36: =IF(ISNUMBER(D33),IF(D33>=$C$37,"중앙값 이상 — 인과 근거(파일럿 전후 비교)를 붙인다","중앙값 이하"),"") | E36: =IF(ISNUMBER(E33),IF(E33>=$C$37,"중앙값 이상 — 인과 근거(파일럿 전후 비교)를 붙인다","중앙값 이하"),"") | G36: BCG 재무 AI ROI 중앙값 10%(목표 20%) [R04]
A37: 기준값 | B37: BCG 재무 AI ROI 중앙값 | C37: 0.1 | D37: 0.2 | G37: C = 중앙값 10% · D = 목표 20% — BCG(2025-06) [R04]. 기준안 ROI가 중앙값의 몇 배인지 한 줄로 비교한다
A39: 메모 | B39: 무형 효과(숫자에 넣지 않음) | C39: 예: 사기 차단 · 보험 면책 회피 · 통지 기한 누락 0건 — 따로 적는다
A41: 선택 | B41: 연속수출 면책 방지 기대효과 | C41: 연 발생확률 × 평균 면책액 — 총편익에 넣으려면 근거(사례 · 확률)를 함께 적는다. K-SURE 공식 사례: U$1,000천 수출 중 U$650천 미회수, U$350천 면책 [R01]

Sheet 30_ToolCost
A1: 30_ToolCost — 도구비 시나리오 S0–S3(바이어 30곳 = 국내 10 + 해외 20) · 운영비 계산기
A2: research G04 §2.5(교수자 산정, 2026-09-26 확인 — 벤더 공개값, 성과 보장 아님) · VAT 기준이 행마다 다르다
A3: 고른 시나리오의 '계획값'을 20_ROI ToolCost_Y에 옮긴다
A5: 시나리오 | B5: 구성 | C5: 연간 비용 계산 | D5: 하한(원) | E5: 상한(원) | F5: 계획값(원) | G5: 비고
A6: S0 무료+ | B6: K-Sight · BASA 진단 · 국세청 API(무료) + ChatGPT Go 또는 Plus + Streamlit CC(무료) | C6: 13,000원 × 12 = 156,000원 / 29,000원 × 12 = 348,000원 | D6: 156000 | E6: 348000 | G6: 1년차 PoC 최소안
A7: S1 저가 모니터링 | B7: S0(Plus) + 이크레더블 국내 10곳 + K-SURE 해외 신용조사 20건(VAT 포함) | C7: 348,000 + 19,800 × 10 + 33,000~49,500 × 20 | D7: 1206000 | E7: 1536000 | F7: 1400000 | G7: 워크스루 계획값 140만 원(범위 중간쯤)
A8: S2a ERP 연동 | B8: NICE 연동(K-System 보유사) + K-SURE 20건 | C8: 100,000 × 12 + 660,000~990,000 | D8: 1860000 | E8: 2190000 | G8: ERP 라이선스 별도
A9: S2b 경리 SaaS + 조기경보 | B9: 경리나라 표준형 + CRETOP-EW 혜택가 + K-SURE 20건 | C9: 828,000 + 2,520,000 + 660,000~990,000 | D9: 4008000 | E9: 4338000 | G9: 기간 · VAT 일부 [미확인]
A10: S3 해외 AR SaaS | B10: Chaser Compact | C10: £199 × 12 = £2,388/년부터 | G10: 원화는 당일 환율로 환산
A11: (옵션) 상위 바이어 정밀조사 | B11: NICE D&B BIR | C11: 33만~44만 원/건 × 상위 N곳(N = 5) | D11: 1650000 | E11: 2200000 | G11: 별도
A14: 운영비(TCO) 계산기 — 운영비 = 사용자 × 호출 × 일 × 단가
A15: 입력 | B15: 사용자 수 | C15: 3 | D15: 계산기 값은 예시 [교육용 가정] — 과정의 LiteLLM 키는 10/22 만료라 자사 도입 때는 자사 계약 단가로 다시 잰다
A16: 입력 | B16: 1인 하루 호출 수 | C16: 20
A17: 입력 | B17: 연 사용일 | C17: 240
A18: 입력 | B18: 호출당 단가(원) | C18: 5
A19: 계산 | B19: 연 API 비용(원) → 20_ROI APICost_Y | C19: =C15*C16*C17*C18

Sheet 40_MyKPI
A1: 40_MyKPI — 나만의 KPI 3개(제안-KPI = P6-6 · 기획서 3장)
A2: KPI마다 기준선 · 목표 · 측정 방법 · 주기를 함께 적는다. 기준선이 없으면 '다음 주 1주 타임로그로 측정'
A3: '90% 단축' 같은 목표는 예시일 뿐 — 목표 칸에 근거를 함께 적는다
A5: # | B5: KPI | C5: 정의 · 산식 | D5: 기준선(측정 방법 · 기간) | E5: 목표(근거) | F5: 측정 주기 | G5: 효과를 AI와 분리하는 방법 | H5: 데이터 출처
A6: 예 | B6: 월 미수금 전수조사 시간 | C6: 한 달 동안 미결 채권을 전부 확인하는 데 쓴 시간(시간/월) | D6: 다음 주 5일 동안 15분 단위로 기록(50_TimeLog) → × 52 ÷ 12 | E6: □시간 → □시간(파일럿 4주 측정값 근거) | F6: 월 1회 | G6: 도입 전 4주 vs 도입 후 4주, 같은 사람 · 같은 정의(대조: 도구를 안 쓴 담당자) | H6: 타임로그 · 업무 일지
A7: 1
A8: 2
A9: 3

Sheet 50_TimeLog
A1: 50_TimeLog — 1주 타임로그(기준선 측정 양식)
A2: 다음 주 5일 동안 해당 업무를 할 때마다 한 줄. 시작 · 끝은 hh:mm(예 09:15). 실명 · 바이어 실명은 적지 않는다
A5: 날짜 | B5: 업무(예: 미수금 전수조사) | C5: 시작 | D5: 끝 | E5: 분 | F5: 쓴 도구 | G5: 메모 | I5: 합계
E6: =IF(AND(ISNUMBER(C6),ISNUMBER(D6)),ROUND((D6-C6)*1440,0),"") | I6: 주간 합계(시간) | J6: =SUM(E6:E35)/60
E7: =IF(AND(ISNUMBER(C7),ISNUMBER(D7)),ROUND((D7-C7)*1440,0),"") | I7: 월 환산(시간) = 주간 × 52 ÷ 12 | J7: =J6*52/12
E8: =IF(AND(ISNUMBER(C8),ISNUMBER(D8)),ROUND((D8-C8)*1440,0),"") | I8: → 이 값이 기준선. 도입 후 같은 방식으로 다시 재서 차이를 20_ROI HoursSaved_M에
E9: =IF(AND(ISNUMBER(C9),ISNUMBER(D9)),ROUND((D9-C9)*1440,0),"")
E10: =IF(AND(ISNUMBER(C10),ISNUMBER(D10)),ROUND((D10-C10)*1440,0),"")
E11: =IF(AND(ISNUMBER(C11),ISNUMBER(D11)),ROUND((D11-C11)*1440,0),"")
E12: =IF(AND(ISNUMBER(C12),ISNUMBER(D12)),ROUND((D12-C12)*1440,0),"")
E13: =IF(AND(ISNUMBER(C13),ISNUMBER(D13)),ROUND((D13-C13)*1440,0),"")
E14: =IF(AND(ISNUMBER(C14),ISNUMBER(D14)),ROUND((D14-C14)*1440,0),"")
E15: =IF(AND(ISNUMBER(C15),ISNUMBER(D15)),ROUND((D15-C15)*1440,0),"")
E16: =IF(AND(ISNUMBER(C16),ISNUMBER(D16)),ROUND((D16-C16)*1440,0),"")
E17: =IF(AND(ISNUMBER(C17),ISNUMBER(D17)),ROUND((D17-C17)*1440,0),"")
E18: =IF(AND(ISNUMBER(C18),ISNUMBER(D18)),ROUND((D18-C18)*1440,0),"")
E19: =IF(AND(ISNUMBER(C19),ISNUMBER(D19)),ROUND((D19-C19)*1440,0),"")
E20: =IF(AND(ISNUMBER(C20),ISNUMBER(D20)),ROUND((D20-C20)*1440,0),"")
... E35: =IF(AND(ISNUMBER(C35),ISNUMBER(D35)),ROUND((D35-C35)*1440,0),"")

Sheet 60_Sensitivity
A1: 60_Sensitivity — 기준안 ROI의 민감도: DSO 단축 일수 × DSO 효과 신뢰도(C 트랙)
A2: 20_ROI 기준(D열)의 나머지 입력을 그대로 쓰고 두 값만 바꾼다. 칸 = ROI(%)
A3: 숫자가 크게 흔들리면 그 가정의 근거(파일럿 측정)를 먼저 확보한다
A5: DSO_Cut(일) ↓ · Conf_DSO → | B5: 0.3 | C5: 0.4 | D5: 0.5 | E5: 0.6 | F5: 0.7
A6: 0 | B6: =IFERROR((('20_ROI'!$D$26+'20_ROI'!$D$25+$A6*'20_ROI'!$D$6/365*'20_ROI'!$D$7*B$5)-'20_ROI'!$D$30)/'20_ROI'!$D$30,"") | C6: =IFERROR((('20_ROI'!$D$26+'20_ROI'!$D$25+$A6*'20_ROI'!$D$6/365*'20_ROI'!$D$7*C$5)-'20_ROI'!$D$30)/'20_ROI'!$D$30,"") | D6: =IFERROR((('20_ROI'!$D$26+'20_ROI'!$D$25+$A6*'20_ROI'!$D$6/365*'20_ROI'!$D$7*D$5)-'20_ROI'!$D$30)/'20_ROI'!$D$30,"") | E6: =IFERROR((('20_ROI'!$D$26+'20_ROI'!$D$25+$A6*'20_ROI'!$D$6/365*'20_ROI'!$D$7*E$5)-'20_ROI'!$D$30)/'20_ROI'!$D$30,"") | F6: =IFERROR((('20_ROI'!$D$26+'20_ROI'!$D$25+$A6*'20_ROI'!$D$6/365*'20_ROI'!$D$7*F$5)-'20_ROI'!$D$30)/'20_ROI'!$D$30,"")
A7: 1 | B7: =IFERROR((('20_ROI'!$D$26+'20_ROI'!$D$25+$A7*'20_ROI'!$D$6/365*'20_ROI'!$D$7*B$5)-'20_ROI'!$D$30)/'20_ROI'!$D$30,"") | C7: =IFERROR((('20_ROI'!$D$26+'20_ROI'!$D$25+$A7*'20_ROI'!$D$6/365*'20_ROI'!$D$7*C$5)-'20_ROI'!$D$30)/'20_ROI'!$D$30,"") | D7: =IFERROR((('20_ROI'!$D$26+'20_ROI'!$D$25+$A7*'20_ROI'!$D$6/365*'20_ROI'!$D$7*D$5)-'20_ROI'!$D$30)/'20_ROI'!$D$30,"") | E7: =IFERROR((('20_ROI'!$D$26+'20_ROI'!$D$25+$A7*'20_ROI'!$D$6/365*'20_ROI'!$D$7*E$5)-'20_ROI'!$D$30)/'20_ROI'!$D$30,"") | F7: =IFERROR((('20_ROI'!$D$26+'20_ROI'!$D$25+$A7*'20_ROI'!$D$6/365*'20_ROI'!$D$7*F$5)-'20_ROI'!$D$30)/'20_ROI'!$D$30,"")
A8: 2 | B8: =IFERROR((('20_ROI'!$D$26+'20_ROI'!$D$25+$A8*'20_ROI'!$D$6/365*'20_ROI'!$D$7*B$5)-'20_ROI'!$D$30)/'20_ROI'!$D$30,"") | C8: =IFERROR((('20_ROI'!$D$26+'20_ROI'!$D$25+$A8*'20_ROI'!$D$6/365*'20_ROI'!$D$7*C$5)-'20_ROI'!$D$30)/'20_ROI'!$D$30,"") | D8: =IFERROR((('20_ROI'!$D$26+'20_ROI'!$D$25+$A8*'20_ROI'!$D$6/365*'20_ROI'!$D$7*D$5)-'20_ROI'!$D$30)/'20_ROI'!$D$30,"") | E8: =IFERROR((('20_ROI'!$D$26+'20_ROI'!$D$25+$A8*'20_ROI'!$D$6/365*'20_ROI'!$D$7*E$5)-'20_ROI'!$D$30)/'20_ROI'!$D$30,"") | F8: =IFERROR((('20_ROI'!$D$26+'20_ROI'!$D$25+$A8*'20_ROI'!$D$6/365*'20_ROI'!$D$7*F$5)-'20_ROI'!$D$30)/'20_ROI'!$D$30,"")
A9: 3 | B9: =IFERROR((('20_ROI'!$D$26+'20_ROI'!$D$25+$A9*'20_ROI'!$D$6/365*'20_ROI'!$D$7*B$5)-'20_ROI'!$D$30)/'20_ROI'!$D$30,"") | C9: =IFERROR((('20_ROI'!$D$26+'20_ROI'!$D$25+$A9*'20_ROI'!$D$6/365*'20_ROI'!$D$7*C$5)-'20_ROI'!$D$30)/'20_ROI'!$D$30,"") | D9: =IFERROR((('20_ROI'!$D$26+'20_ROI'!$D$25+$A9*'20_ROI'!$D$6/365*'20_ROI'!$D$7*D$5)-'20_ROI'!$D$30)/'20_ROI'!$D$30,"") | E9: =IFERROR((('20_ROI'!$D$26+'20_ROI'!$D$25+$A9*'20_ROI'!$D$6/365*'20_ROI'!$D$7*E$5)-'20_ROI'!$D$30)/'20_ROI'!$D$30,"") | F9: =IFERROR((('20_ROI'!$D$26+'20_ROI'!$D$25+$A9*'20_ROI'!$D$6/365*'20_ROI'!$D$7*F$5)-'20_ROI'!$D$30)/'20_ROI'!$D$30,"")
A10: 4 | B10: =IFERROR((('20_ROI'!$D$26+'20_ROI'!$D$25+$A10*'20_ROI'!$D$6/365*'20_ROI'!$D$7*B$5)-'20_ROI'!$D$30)/'20_ROI'!$D$30,"") | C10: =IFERROR((('20_ROI'!$D$26+'20_ROI'!$D$25+$A10*'20_ROI'!$D$6/365*'20_ROI'!$D$7*C$5)-'20_ROI'!$D$30)/'20_ROI'!$D$30,"") | D10: =IFERROR((('20_ROI'!$D$26+'20_ROI'!$D$25+$A10*'20_ROI'!$D$6/365*'20_ROI'!$D$7*D$5)-'20_ROI'!$D$30)/'20_ROI'!$D$30,"") | E10: =IFERROR((('20_ROI'!$D$26+'20_ROI'!$D$25+$A10*'20_ROI'!$D$6/365*'20_ROI'!$D$7*E$5)-'20_ROI'!$D$30)/'20_ROI'!$D$30,"") | F10: =IFERROR((('20_ROI'!$D$26+'20_ROI'!$D$25+$A10*'20_ROI'!$D$6/365*'20_ROI'!$D$7*F$5)-'20_ROI'!$D$30)/'20_ROI'!$D$30,"")
A11: 5 | B11: =IFERROR((('20_ROI'!$D$26+'20_ROI'!$D$25+$A11*'20_ROI'!$D$6/365*'20_ROI'!$D$7*B$5)-'20_ROI'!$D$30)/'20_ROI'!$D$30,"") | C11: =IFERROR((('20_ROI'!$D$26+'20_ROI'!$D$25+$A11*'20_ROI'!$D$6/365*'20_ROI'!$D$7*C$5)-'20_ROI'!$D$30)/'20_ROI'!$D$30,"") | D11: =IFERROR((('20_ROI'!$D$26+'20_ROI'!$D$25+$A11*'20_ROI'!$D$6/365*'20_ROI'!$D$7*D$5)-'20_ROI'!$D$30)/'20_ROI'!$D$30,"") | E11: =IFERROR((('20_ROI'!$D$26+'20_ROI'!$D$25+$A11*'20_ROI'!$D$6/365*'20_ROI'!$D$7*E$5)-'20_ROI'!$D$30)/'20_ROI'!$D$30,"") | F11: =IFERROR((('20_ROI'!$D$26+'20_ROI'!$D$25+$A11*'20_ROI'!$D$6/365*'20_ROI'!$D$7*F$5)-'20_ROI'!$D$30)/'20_ROI'!$D$30,"")
A12: 6 | B12: =IFERROR((('20_ROI'!$D$26+'20_ROI'!$D$25+$A12*'20_ROI'!$D$6/365*'20_ROI'!$D$7*B$5)-'20_ROI'!$D$30)/'20_ROI'!$D$30,"") | C12: =IFERROR((('20_ROI'!$D$26+'20_ROI'!$D$25+$A12*'20_ROI'!$D$6/365*'20_ROI'!$D$7*C$5)-'20_ROI'!$D$30)/'20_ROI'!$D$30,"") | D12: =IFERROR((('20_ROI'!$D$26+'20_ROI'!$D$25+$A12*'20_ROI'!$D$6/365*'20_ROI'!$D$7*D$5)-'20_ROI'!$D$30)/'20_ROI'!$D$30,"") | E12: =IFERROR((('20_ROI'!$D$26+'20_ROI'!$D$25+$A12*'20_ROI'!$D$6/365*'20_ROI'!$D$7*E$5)-'20_ROI'!$D$30)/'20_ROI'!$D$30,"") | F12: =IFERROR((('20_ROI'!$D$26+'20_ROI'!$D$25+$A12*'20_ROI'!$D$6/365*'20_ROI'!$D$7*F$5)-'20_ROI'!$D$30)/'20_ROI'!$D$30,"")

Sheet 70_Benchmark
A1: 70_Benchmark — 목표 설정 기준(03 Part2 §6.8)
A2: 해외 · 대기업 수치는 규모가 다르다 — 우리 목표는 기준선과 파일럿 측정에서 시작한다
A5: 기준 | B5: 값 | C5: 근거
A6: 한국 제조업 중소 DSO(2024) | B6: 약 58일 · 의료·정밀·광학(C27) 73일 · 기타기계(C29) 70일 | C6: 한국은행 기업경영분석 [G01]
A7: 한국 대손상각비/매출(2024, 판관비 기준 계산값) | B7: 제조업 중소 0.31% · C27 중소 0.67% | C7: [G01]
A8: 해외 DSO | B8: Hackett 중앙값 46일 · 상위 28일 · Billtrust 고객 39일(해외 대기업 중심) | C8: [R04]
A9: AI 도입 성과 | B9: Yaskawa America DSO −5.5일 · CEI 약 90%(매출 36억 달러 대기업 · 벤더 사례) · BCG 재무 AI 중앙값 ROI 10%(목표 20%) | C9: [R04][G04]
A10: 계획서 예시 | B10: '미수금 전수조사 시간 90% 단축' — 목표 예시일 뿐 근거 아님. 1주 타임로그로 기준선부터 잰다 | C10: 교수계획서
A11: (조달) 보증 KPI | B11: 보증 한도 소진율 · 보증 만기 관리 누락 0건 | C11: [G02]
A12: 국내 공개 사례 | B12: AI 채권관리 정량 성공사례는 공개된 것을 찾지 못했다 → '우리 회사가 첫 사례' | C12: [G04]
