Workbook

Sheet README
A1: Day5 RAG 평가 시트 — 골든셋 20문항(rag/goldset_20.csv)으로 검색 품질(P@K·R@K·F1@K, 보조 Hit@3·MRR)과 답 품질(정답·인용·기권)을 잰다.
A2: 1) Google Drive에 올려 'Google Sheets로 열기'. 노란 칸만 입력하고 회색 칸(수식)은 고치지 않는다.
A3: 2) 🟢 eval 탭 F열 first_hit_rank: Dify 'Retrieval Testing'에서 정답 조항(C·D열)이 처음 나온 순위(1~5, 없으면 0).
A4: 3) 🔵 eval 탭 I~M열 r1~r5: 상위 5개 조각 머리의 조항 ID(예: HB-27, KS-7)를 순서대로 — 조 단위로 적는다. V~AD열에 P@K·R@K·F1@K(K = 1·3·5)가 계산된다.
A5: 4) P~U열: 사람 채점 0/1 — answer_ok(goldset 탭 expected_answer·grading_rubric 기준), cite_ok(인용 조항이 정답과 일치), abstain_ok(함정 문항에서 '제공 문서에서 확인되지 않습니다' = 1).
A6: 5) run_app 탭: 앱 ⑥ RAG 페이지 '골든셋 일괄 실행'의 CSV(q_id·r1~r5·abstained·top_score·answer_text)를 A1에 그대로 붙여 넣는다.
A7: 6) experiments 탭(🔵): 청킹·검색 설정 E1~E4를 각 5문항으로 비교한다.
A8: 7) summary 탭: 'Top-K 요약' 표(K = 1·3·5의 P·R·F1)와 막대 그래프 — F1@K가 가장 높은 K = Top-K(같으면 작은 K). 고른 K와 그 이유 한 줄을 제출물에 쓴다.
A9: 정의: P@K = 맞힌 조항 수 ÷ K · R@K = 맞힌 조항 수 ÷ 정답 조항 수 · F1@K = 2PR ÷ (P + R) → F1이 가장 높은 K가 Top-K. 보조: Hit@3(상위 3개 안에 정답) · MRR(첫 정답 순위의 역수 평균). 함정(기권) 문항은 검색 지표에서 뺀다.
A10: 조 단위 ID: KS-(K-SURE 약관) · HB-(가상 규정) · LAW-CIT-(법인세법 시행령). 예: KS-21② → KS-21.

Sheet goldset
A1: q_id | B1: question | C1: type | D1: eval_type | E1: gold_ids | F1: gold_articles | G1: source_doc | H1: source_clause | I1: expected_answer | J1: grading_rubric
A2: Q01 | B2: 중소기업이 단기수출보험(선적후)에 가입하면 부보율은? | C2: 수치 | D2: 정상 | E2: KS-6 | F2: KS-6 | G2: K-SURE 단기수출보험(선적후) 약관 | H2: 약관 제6조 | I2: 중소기업 100%(중견기업 97.5%, 대기업 95%). 국별인수방침상 부보율이 더 낮으면 낮은 쪽을 적용한다. | J2: 100% · 중견 97.5% · 대기업 95%
A3: Q02 | B3: 보험금 청구 후 언제까지 지급되나? | C3: 사실 | D3: 정상 | E3: KS-24① | F3: KS-24 | G3: K-SURE 단기수출보험(선적후) 약관 | H3: 약관 제24조 제1항 | I3: 청구일부터 2개월 이내에 지급한다. 공사가 추가 서류를 요구하면 그 기간만큼 늘어난다. | J3: 2개월 · 추가 서류 기간 연장
A4: Q03 | B4: 결제기일이 2026-09-15인 O/A 건이 미결제다. 사고발생통지 기한은? | C4: 조건 | D4: 정상 | E4: KS-21②;HB-20③ | F4: KS-21;HB-20 | G4: K-SURE 단기수출보험(선적후) 약관 + (가상) 한빛정밀 여신관리규정 | H4: 약관 제21조 제1·2항, 규정 제20조 제3항 | I4: 결제기일부터 1개월 이내에 서면으로 통지한다(결제기일 전에 사고 사유를 알았다면 안 날부터 1개월). 달력상 2026-10-15 무렵이며 최종 날짜는 담당자가 확인한다. 통지 여부는 사람이 결정한다. | J4: 결제기일 + 1개월 · 서면 · 2026-10-15 무렵 · 사람 결정
A5: Q04 | B5: 사고통지를 늦게 하면 무조건 15/1000 위약금을 내나? | C5: 조건 | D5: 정상 | E5: KS-21③;KS-7②2 | F5: KS-21;KS-7 | G5: K-SURE 단기수출보험(선적후) 약관 | H5: 약관 제21조 제3항, 제7조 제2항 제2호 | I5: 아니다. 15/1000은 통지가 늦어져 다른 수출자와 같은 수입자 사이의 추가 수출이 보험관계로 성립한 경우에 한정된다(제21조③). 일반적으로는 통지 의무를 게을리해 생긴 손실을 보상받지 못하는 면책이 핵심 위험이다(제7조②2). | J5: '아니다' · 다른 수출자 한정 · 핵심은 면책
A6: Q05 | B6: 이전 대금이 결제기일 후 35일째 미결제인 O/A 바이어에게 추가 선적하면? | C6: 조건 | D6: 정상 | E6: KS-7①2 | F6: KS-7 | G6: K-SURE 단기수출보험(선적후) 약관 | H6: 약관 제7조 제1항 제2호 | I6: 추가 선적분은 원칙적으로 면책(연속수출)이다. 사고 건 선적일부터 1년 소급 기간에 만기가 온 이전 대금이 결제기일부터 30일을 넘겨 미결제면 해당하고, 보험에 들지 않은 이전 거래도 포함한다. 예외는 신용장(L/C) 거래와 공사가 결제관행을 인정한 거래다. | J6: 면책 · 30일 · 1년 소급 · 미부보 포함 · L/C 예외
A7: Q06 | B7: Q05와 같은 상황인데 신용장(L/C) 거래라면? | C7: 조건 | D7: 정상 | E7: KS-7①2 | F7: KS-7 | G7: K-SURE 단기수출보험(선적후) 약관 | H7: 약관 제7조 제1항 제2호 단서 | I7: 연속수출 면책의 예외다. 다만 L/C 서류 하자·개설은행 위험은 별도로 관리해야 한다. | J7: 예외 · 서류 하자·개설은행 위험 별도
A8: Q07 | B8: 사내 규정상 연체 40일 바이어에게 영업본부장 승인으로 선적해도 되나? | C8: 충돌 | D8: 충돌 | E8: HB-27②;KS-7①2 | F8: HB-27;KS-7 | G8: (가상) 한빛정밀 여신관리규정 + K-SURE 단기수출보험(선적후) 약관 | H8: 규정 제27조 제2항 ↔ 약관 제7조 제1항 제2호 | I8: [규정 충돌] 사내 규정 제27조②는 45일까지 영업본부장 승인으로 선적을 허용하지만, 무신용장 거래는 결제기일 후 30일이 지난 미결 채권이 있는 상태의 추가 선적분이 면책된다(약관 제7조①2). 선적을 보류하는 것이 맞고 규정 개정이 필요하다 — 담당자 확인. | J8: 두 조항 모두 인용 · 충돌 표시 · 30일 vs 45일
A9: Q08 | B9: 바이어가 최근 인보이스부터 입금 처리해 달라고 한다. 사내 규정상 가능한가? | C9: 충돌 | D9: 충돌 | E9: HB-21②;KS-31 | F9: HB-21;KS-31 | G9: (가상) 한빛정밀 여신관리규정 + K-SURE 단기수출보험(선적후) 약관 | H9: 규정 제21조 제2항 ↔ 약관 제31조 | I9: [규정 충돌] 사내 규정 제21조②는 영업본부장이 인정하면 지정 충당을 허용하지만, K-SURE는 당사자 합의와 관계없이 최초 결제기일 순으로 충당된 것으로 본다(L/C 제외). 원장은 결제기일 순(FIFO)으로 관리해야 연속수출·통지 기한 판단이 어긋나지 않는다 — 담당자 확인. | J9: 두 조항 모두 인용 · 충돌 표시 · 결제기일 순 간주
A10: Q09 | B10: 바이어의 Chapter 11 신청 뉴스를 본 뒤 선적한 건도 보상되나? | C10: 조건 | D10: 정상 | E10: KS-7①6;HB-20④ | F10: KS-7;HB-20 | G10: K-SURE 단기수출보험(선적후) 약관 + (가상) 한빛정밀 여신관리규정 | H10: 약관 제7조 제1항 제6호, 규정 제20조 제4항 | I10: 보상되지 않는다(면책). 파산신청 등 신용상태가 크게 나빠진 사실을 안 뒤의 수출은 보상하지 않으므로 즉시 선적을 중단한다. | J10: 면책 · 인지 후 수출 · 즉시 선적 중단
A11: Q10 | B11: 중소기업이 지급지체 사고로 보험금을 청구할 수 있는 시점은? | C11: 수치 | D11: 정상 | E11: KS-22 | F11: KS-22 | G11: K-SURE 단기수출보험(선적후) 약관 | H11: 약관 제22조 | I11: 결제기일부터 1개월이 지난 뒤(중소기업이 아니면 2개월). | J11: 1개월(일반 2개월)
A12: Q11 | B12: 분쟁 등으로 보험금 지급이 늦어질 때 가지급 한도는? | C12: 수치 | D12: 정상 | E12: KS-25① | F12: KS-25 | G12: K-SURE 단기수출보험(선적후) 약관 | H12: 약관 제25조 제1항 | I12: 지급 예상액의 60/100 범위(중견기업 70/100, 중소기업 80/100). | J12: 60/100 · 중견 70 · 중소 80
... A19: Q18 | B19: 중소기업 외상매출금은 회수기일이 얼마나 지나야 대손 사유가 되나? | C19: 수치 | D19: 정상 | E19: LAW-CIT-19의2①9의2;HB-34① | F19: LAW-CIT-19의2;HB-34 | G19: 법인세법 시행령 + (가상) 한빛정밀 여신관리규정 | H19: 법인세법 시행령 제19조의2 제1항 제9호의2, 규정 제34조 제1항 | I19: 회수기일이 2년 이상 지난 경우(특수관계인 채권은 제외). | J19: 2년 · 특수관계인 제외
A20: Q19 | B20: UCP 600 제14조의 서류심사 기간은? | C20: 기권 | D20: 함정 | G20: 없음(코퍼스 밖) | H20: — | I20: 제공 문서에서 확인되지 않습니다. (ICC 문서는 AI 이용 금지로 코퍼스에서 뺐다) | J20: 기권 문구 그대로 · 추측 금지
A21: Q20 | B21: K-SURE 개별보험에서 B등급 수입자·90일 조건의 보험요율은? | C21: 기권 | D21: 함정 | G21: 없음(코퍼스 밖) | H21: — | I21: 제공 문서에서 확인되지 않습니다. (요율표는 공개되지 않는다) | J21: 기권 문구 그대로 · 추측 금지

Sheet eval
A1: q_id | B1: question | C1: gold_id1 | D1: gold_id2 | E1: type | F1: first_hit_rank | G1: hit_at_3 | H1: rr | I1: r1 | J1: r2 | K1: r3 | L1: r4 | M1: r5 | N1: hit_at_3_r | O1: rr_r | P1: dify_answer_ok | Q1: dify_cite_ok | R1: dify_abstain_ok | S1: gemini_answer_ok | T1: gemini_cite_ok | U1: gemini_abstain_ok | V1: p_at_1 | W1: r_at_1 | X1: f1_at_1 | Y1: p_at_3 | Z1: r_at_3 | AA1: f1_at_3 | AB1: p_at_5 | AC1: r_at_5 | AD1: f1_at_5 | AE1: expected_answer | AF1: memo
A2: Q01 | B2: 중소기업이 단기수출보험(선적후)에 가입하면 부보율은? | C2: KS-6 | E2: 정상 | G2: =IF(E2="함정","",IF(F2="","",IF(AND(F2>=1,F2<=3),1,0))) | H2: =IF(E2="함정","",IF(F2="","",IF(F2=0,0,1/F2))) | N2: =IF(E2="함정","",IF(COUNTA(I2:M2)=0,"",IF(COUNTIF(I2:K2,C2)+IF(D2="",0,COUNTIF(I2:K2,D2))>0,1,0))) | O2: =IF(E2="함정","",IF(COUNTA(I2:M2)=0,"",MAX(IFERROR(1/MATCH(C2,I2:M2,0),0),IF(D2="",0,IFERROR(1/MATCH(D2,I2:M2,0),0))))) | V2: =IF(E2="함정","",IF(COUNTA(I2:M2)=0,"",(COUNTIF(I2:I2,C2)+IF(D2="",0,COUNTIF(I2:I2,D2)))/1)) | W2: =IF(E2="함정","",IF(COUNTA(I2:M2)=0,"",(COUNTIF(I2:I2,C2)+IF(D2="",0,COUNTIF(I2:I2,D2)))/IF(D2="",1,2))) | X2: =IF(E2="함정","",IF(COUNTA(I2:M2)=0,"",IF(V2+W2=0,0,2*V2*W2/(V2+W2)))) | Y2: =IF(E2="함정","",IF(COUNTA(I2:M2)=0,"",(COUNTIF(I2:K2,C2)+IF(D2="",0,COUNTIF(I2:K2,D2)))/3)) | Z2: =IF(E2="함정","",IF(COUNTA(I2:M2)=0,"",(COUNTIF(I2:K2,C2)+IF(D2="",0,COUNTIF(I2:K2,D2)))/IF(D2="",1,2))) | AA2: =IF(E2="함정","",IF(COUNTA(I2:M2)=0,"",IF(Y2+Z2=0,0,2*Y2*Z2/(Y2+Z2)))) | AB2: =IF(E2="함정","",IF(COUNTA(I2:M2)=0,"",(COUNTIF(I2:M2,C2)+IF(D2="",0,COUNTIF(I2:M2,D2)))/5)) | AC2: =IF(E2="함정","",IF(COUNTA(I2:M2)=0,"",(COUNTIF(I2:M2,C2)+IF(D2="",0,COUNTIF(I2:M2,D2)))/IF(D2="",1,2))) | AD2: =IF(E2="함정","",IF(COUNTA(I2:M2)=0,"",IF(AB2+AC2=0,0,2*AB2*AC2/(AB2+AC2)))) | AE2: 중소기업 100%(중견기업 97.5%, 대기업 95%). 국별인수방침상 부보율이 더 낮으면 낮은 쪽을 적용한다.
A3: Q02 | B3: 보험금 청구 후 언제까지 지급되나? | C3: KS-24 | E3: 정상 | G3: =IF(E3="함정","",IF(F3="","",IF(AND(F3>=1,F3<=3),1,0))) | H3: =IF(E3="함정","",IF(F3="","",IF(F3=0,0,1/F3))) | N3: =IF(E3="함정","",IF(COUNTA(I3:M3)=0,"",IF(COUNTIF(I3:K3,C3)+IF(D3="",0,COUNTIF(I3:K3,D3))>0,1,0))) | O3: =IF(E3="함정","",IF(COUNTA(I3:M3)=0,"",MAX(IFERROR(1/MATCH(C3,I3:M3,0),0),IF(D3="",0,IFERROR(1/MATCH(D3,I3:M3,0),0))))) | V3: =IF(E3="함정","",IF(COUNTA(I3:M3)=0,"",(COUNTIF(I3:I3,C3)+IF(D3="",0,COUNTIF(I3:I3,D3)))/1)) | W3: =IF(E3="함정","",IF(COUNTA(I3:M3)=0,"",(COUNTIF(I3:I3,C3)+IF(D3="",0,COUNTIF(I3:I3,D3)))/IF(D3="",1,2))) | X3: =IF(E3="함정","",IF(COUNTA(I3:M3)=0,"",IF(V3+W3=0,0,2*V3*W3/(V3+W3)))) | Y3: =IF(E3="함정","",IF(COUNTA(I3:M3)=0,"",(COUNTIF(I3:K3,C3)+IF(D3="",0,COUNTIF(I3:K3,D3)))/3)) | Z3: =IF(E3="함정","",IF(COUNTA(I3:M3)=0,"",(COUNTIF(I3:K3,C3)+IF(D3="",0,COUNTIF(I3:K3,D3)))/IF(D3="",1,2))) | AA3: =IF(E3="함정","",IF(COUNTA(I3:M3)=0,"",IF(Y3+Z3=0,0,2*Y3*Z3/(Y3+Z3)))) | AB3: =IF(E3="함정","",IF(COUNTA(I3:M3)=0,"",(COUNTIF(I3:M3,C3)+IF(D3="",0,COUNTIF(I3:M3,D3)))/5)) | AC3: =IF(E3="함정","",IF(COUNTA(I3:M3)=0,"",(COUNTIF(I3:M3,C3)+IF(D3="",0,COUNTIF(I3:M3,D3)))/IF(D3="",1,2))) | AD3: =IF(E3="함정","",IF(COUNTA(I3:M3)=0,"",IF(AB3+AC3=0,0,2*AB3*AC3/(AB3+AC3)))) | AE3: 청구일부터 2개월 이내에 지급한다. 공사가 추가 서류를 요구하면 그 기간만큼 늘어난다.
A4: Q03 | B4: 결제기일이 2026-09-15인 O/A 건이 미결제다. 사고발생통지 기한은? | C4: KS-21 | D4: HB-20 | E4: 정상 | G4: =IF(E4="함정","",IF(F4="","",IF(AND(F4>=1,F4<=3),1,0))) | H4: =IF(E4="함정","",IF(F4="","",IF(F4=0,0,1/F4))) | N4: =IF(E4="함정","",IF(COUNTA(I4:M4)=0,"",IF(COUNTIF(I4:K4,C4)+IF(D4="",0,COUNTIF(I4:K4,D4))>0,1,0))) | O4: =IF(E4="함정","",IF(COUNTA(I4:M4)=0,"",MAX(IFERROR(1/MATCH(C4,I4:M4,0),0),IF(D4="",0,IFERROR(1/MATCH(D4,I4:M4,0),0))))) | V4: =IF(E4="함정","",IF(COUNTA(I4:M4)=0,"",(COUNTIF(I4:I4,C4)+IF(D4="",0,COUNTIF(I4:I4,D4)))/1)) | W4: =IF(E4="함정","",IF(COUNTA(I4:M4)=0,"",(COUNTIF(I4:I4,C4)+IF(D4="",0,COUNTIF(I4:I4,D4)))/IF(D4="",1,2))) | X4: =IF(E4="함정","",IF(COUNTA(I4:M4)=0,"",IF(V4+W4=0,0,2*V4*W4/(V4+W4)))) | Y4: =IF(E4="함정","",IF(COUNTA(I4:M4)=0,"",(COUNTIF(I4:K4,C4)+IF(D4="",0,COUNTIF(I4:K4,D4)))/3)) | Z4: =IF(E4="함정","",IF(COUNTA(I4:M4)=0,"",(COUNTIF(I4:K4,C4)+IF(D4="",0,COUNTIF(I4:K4,D4)))/IF(D4="",1,2))) | AA4: =IF(E4="함정","",IF(COUNTA(I4:M4)=0,"",IF(Y4+Z4=0,0,2*Y4*Z4/(Y4+Z4)))) | AB4: =IF(E4="함정","",IF(COUNTA(I4:M4)=0,"",(COUNTIF(I4:M4,C4)+IF(D4="",0,COUNTIF(I4:M4,D4)))/5)) | AC4: =IF(E4="함정","",IF(COUNTA(I4:M4)=0,"",(COUNTIF(I4:M4,C4)+IF(D4="",0,COUNTIF(I4:M4,D4)))/IF(D4="",1,2))) | AD4: =IF(E4="함정","",IF(COUNTA(I4:M4)=0,"",IF(AB4+AC4=0,0,2*AB4*AC4/(AB4+AC4)))) | AE4: 결제기일부터 1개월 이내에 서면으로 통지한다(결제기일 전에 사고 사유를 알았다면 안 날부터 1개월). 달력상 2026-10-15 무렵이며 최종 날짜는 담당자가 확인한다. 통지 여부는 사람이 결정한다.
A5: Q04 | B5: 사고통지를 늦게 하면 무조건 15/1000 위약금을 내나? | C5: KS-21 | D5: KS-7 | E5: 정상 | G5: =IF(E5="함정","",IF(F5="","",IF(AND(F5>=1,F5<=3),1,0))) | H5: =IF(E5="함정","",IF(F5="","",IF(F5=0,0,1/F5))) | N5: =IF(E5="함정","",IF(COUNTA(I5:M5)=0,"",IF(COUNTIF(I5:K5,C5)+IF(D5="",0,COUNTIF(I5:K5,D5))>0,1,0))) | O5: =IF(E5="함정","",IF(COUNTA(I5:M5)=0,"",MAX(IFERROR(1/MATCH(C5,I5:M5,0),0),IF(D5="",0,IFERROR(1/MATCH(D5,I5:M5,0),0))))) | V5: =IF(E5="함정","",IF(COUNTA(I5:M5)=0,"",(COUNTIF(I5:I5,C5)+IF(D5="",0,COUNTIF(I5:I5,D5)))/1)) | W5: =IF(E5="함정","",IF(COUNTA(I5:M5)=0,"",(COUNTIF(I5:I5,C5)+IF(D5="",0,COUNTIF(I5:I5,D5)))/IF(D5="",1,2))) | X5: =IF(E5="함정","",IF(COUNTA(I5:M5)=0,"",IF(V5+W5=0,0,2*V5*W5/(V5+W5)))) | Y5: =IF(E5="함정","",IF(COUNTA(I5:M5)=0,"",(COUNTIF(I5:K5,C5)+IF(D5="",0,COUNTIF(I5:K5,D5)))/3)) | Z5: =IF(E5="함정","",IF(COUNTA(I5:M5)=0,"",(COUNTIF(I5:K5,C5)+IF(D5="",0,COUNTIF(I5:K5,D5)))/IF(D5="",1,2))) | AA5: =IF(E5="함정","",IF(COUNTA(I5:M5)=0,"",IF(Y5+Z5=0,0,2*Y5*Z5/(Y5+Z5)))) | AB5: =IF(E5="함정","",IF(COUNTA(I5:M5)=0,"",(COUNTIF(I5:M5,C5)+IF(D5="",0,COUNTIF(I5:M5,D5)))/5)) | AC5: =IF(E5="함정","",IF(COUNTA(I5:M5)=0,"",(COUNTIF(I5:M5,C5)+IF(D5="",0,COUNTIF(I5:M5,D5)))/IF(D5="",1,2))) | AD5: =IF(E5="함정","",IF(COUNTA(I5:M5)=0,"",IF(AB5+AC5=0,0,2*AB5*AC5/(AB5+AC5)))) | AE5: 아니다. 15/1000은 통지가 늦어져 다른 수출자와 같은 수입자 사이의 추가 수출이 보험관계로 성립한 경우에 한정된다(제21조③). 일반적으로는 통지 의무를 게을리해 생긴 손실을 보상받지 못하는 면책이 핵심 위험이다(제7조②2).
A6: Q05 | B6: 이전 대금이 결제기일 후 35일째 미결제인 O/A 바이어에게 추가 선적하면? | C6: KS-7 | E6: 정상 | G6: =IF(E6="함정","",IF(F6="","",IF(AND(F6>=1,F6<=3),1,0))) | H6: =IF(E6="함정","",IF(F6="","",IF(F6=0,0,1/F6))) | N6: =IF(E6="함정","",IF(COUNTA(I6:M6)=0,"",IF(COUNTIF(I6:K6,C6)+IF(D6="",0,COUNTIF(I6:K6,D6))>0,1,0))) | O6: =IF(E6="함정","",IF(COUNTA(I6:M6)=0,"",MAX(IFERROR(1/MATCH(C6,I6:M6,0),0),IF(D6="",0,IFERROR(1/MATCH(D6,I6:M6,0),0))))) | V6: =IF(E6="함정","",IF(COUNTA(I6:M6)=0,"",(COUNTIF(I6:I6,C6)+IF(D6="",0,COUNTIF(I6:I6,D6)))/1)) | W6: =IF(E6="함정","",IF(COUNTA(I6:M6)=0,"",(COUNTIF(I6:I6,C6)+IF(D6="",0,COUNTIF(I6:I6,D6)))/IF(D6="",1,2))) | X6: =IF(E6="함정","",IF(COUNTA(I6:M6)=0,"",IF(V6+W6=0,0,2*V6*W6/(V6+W6)))) | Y6: =IF(E6="함정","",IF(COUNTA(I6:M6)=0,"",(COUNTIF(I6:K6,C6)+IF(D6="",0,COUNTIF(I6:K6,D6)))/3)) | Z6: =IF(E6="함정","",IF(COUNTA(I6:M6)=0,"",(COUNTIF(I6:K6,C6)+IF(D6="",0,COUNTIF(I6:K6,D6)))/IF(D6="",1,2))) | AA6: =IF(E6="함정","",IF(COUNTA(I6:M6)=0,"",IF(Y6+Z6=0,0,2*Y6*Z6/(Y6+Z6)))) | AB6: =IF(E6="함정","",IF(COUNTA(I6:M6)=0,"",(COUNTIF(I6:M6,C6)+IF(D6="",0,COUNTIF(I6:M6,D6)))/5)) | AC6: =IF(E6="함정","",IF(COUNTA(I6:M6)=0,"",(COUNTIF(I6:M6,C6)+IF(D6="",0,COUNTIF(I6:M6,D6)))/IF(D6="",1,2))) | AD6: =IF(E6="함정","",IF(COUNTA(I6:M6)=0,"",IF(AB6+AC6=0,0,2*AB6*AC6/(AB6+AC6)))) | AE6: 추가 선적분은 원칙적으로 면책(연속수출)이다. 사고 건 선적일부터 1년 소급 기간에 만기가 온 이전 대금이 결제기일부터 30일을 넘겨 미결제면 해당하고, 보험에 들지 않은 이전 거래도 포함한다. 예외는 신용장(L/C) 거래와 공사가 결제관행을 인정한 거래다.
A7: Q06 | B7: Q05와 같은 상황인데 신용장(L/C) 거래라면? | C7: KS-7 | E7: 정상 | G7: =IF(E7="함정","",IF(F7="","",IF(AND(F7>=1,F7<=3),1,0))) | H7: =IF(E7="함정","",IF(F7="","",IF(F7=0,0,1/F7))) | N7: =IF(E7="함정","",IF(COUNTA(I7:M7)=0,"",IF(COUNTIF(I7:K7,C7)+IF(D7="",0,COUNTIF(I7:K7,D7))>0,1,0))) | O7: =IF(E7="함정","",IF(COUNTA(I7:M7)=0,"",MAX(IFERROR(1/MATCH(C7,I7:M7,0),0),IF(D7="",0,IFERROR(1/MATCH(D7,I7:M7,0),0))))) | V7: =IF(E7="함정","",IF(COUNTA(I7:M7)=0,"",(COUNTIF(I7:I7,C7)+IF(D7="",0,COUNTIF(I7:I7,D7)))/1)) | W7: =IF(E7="함정","",IF(COUNTA(I7:M7)=0,"",(COUNTIF(I7:I7,C7)+IF(D7="",0,COUNTIF(I7:I7,D7)))/IF(D7="",1,2))) | X7: =IF(E7="함정","",IF(COUNTA(I7:M7)=0,"",IF(V7+W7=0,0,2*V7*W7/(V7+W7)))) | Y7: =IF(E7="함정","",IF(COUNTA(I7:M7)=0,"",(COUNTIF(I7:K7,C7)+IF(D7="",0,COUNTIF(I7:K7,D7)))/3)) | Z7: =IF(E7="함정","",IF(COUNTA(I7:M7)=0,"",(COUNTIF(I7:K7,C7)+IF(D7="",0,COUNTIF(I7:K7,D7)))/IF(D7="",1,2))) | AA7: =IF(E7="함정","",IF(COUNTA(I7:M7)=0,"",IF(Y7+Z7=0,0,2*Y7*Z7/(Y7+Z7)))) | AB7: =IF(E7="함정","",IF(COUNTA(I7:M7)=0,"",(COUNTIF(I7:M7,C7)+IF(D7="",0,COUNTIF(I7:M7,D7)))/5)) | AC7: =IF(E7="함정","",IF(COUNTA(I7:M7)=0,"",(COUNTIF(I7:M7,C7)+IF(D7="",0,COUNTIF(I7:M7,D7)))/IF(D7="",1,2))) | AD7: =IF(E7="함정","",IF(COUNTA(I7:M7)=0,"",IF(AB7+AC7=0,0,2*AB7*AC7/(AB7+AC7)))) | AE7: 연속수출 면책의 예외다. 다만 L/C 서류 하자·개설은행 위험은 별도로 관리해야 한다.
A8: Q07 | B8: 사내 규정상 연체 40일 바이어에게 영업본부장 승인으로 선적해도 되나? | C8: HB-27 | D8: KS-7 | E8: 충돌 | G8: =IF(E8="함정","",IF(F8="","",IF(AND(F8>=1,F8<=3),1,0))) | H8: =IF(E8="함정","",IF(F8="","",IF(F8=0,0,1/F8))) | N8: =IF(E8="함정","",IF(COUNTA(I8:M8)=0,"",IF(COUNTIF(I8:K8,C8)+IF(D8="",0,COUNTIF(I8:K8,D8))>0,1,0))) | O8: =IF(E8="함정","",IF(COUNTA(I8:M8)=0,"",MAX(IFERROR(1/MATCH(C8,I8:M8,0),0),IF(D8="",0,IFERROR(1/MATCH(D8,I8:M8,0),0))))) | V8: =IF(E8="함정","",IF(COUNTA(I8:M8)=0,"",(COUNTIF(I8:I8,C8)+IF(D8="",0,COUNTIF(I8:I8,D8)))/1)) | W8: =IF(E8="함정","",IF(COUNTA(I8:M8)=0,"",(COUNTIF(I8:I8,C8)+IF(D8="",0,COUNTIF(I8:I8,D8)))/IF(D8="",1,2))) | X8: =IF(E8="함정","",IF(COUNTA(I8:M8)=0,"",IF(V8+W8=0,0,2*V8*W8/(V8+W8)))) | Y8: =IF(E8="함정","",IF(COUNTA(I8:M8)=0,"",(COUNTIF(I8:K8,C8)+IF(D8="",0,COUNTIF(I8:K8,D8)))/3)) | Z8: =IF(E8="함정","",IF(COUNTA(I8:M8)=0,"",(COUNTIF(I8:K8,C8)+IF(D8="",0,COUNTIF(I8:K8,D8)))/IF(D8="",1,2))) | AA8: =IF(E8="함정","",IF(COUNTA(I8:M8)=0,"",IF(Y8+Z8=0,0,2*Y8*Z8/(Y8+Z8)))) | AB8: =IF(E8="함정","",IF(COUNTA(I8:M8)=0,"",(COUNTIF(I8:M8,C8)+IF(D8="",0,COUNTIF(I8:M8,D8)))/5)) | AC8: =IF(E8="함정","",IF(COUNTA(I8:M8)=0,"",(COUNTIF(I8:M8,C8)+IF(D8="",0,COUNTIF(I8:M8,D8)))/IF(D8="",1,2))) | AD8: =IF(E8="함정","",IF(COUNTA(I8:M8)=0,"",IF(AB8+AC8=0,0,2*AB8*AC8/(AB8+AC8)))) | AE8: [규정 충돌] 사내 규정 제27조②는 45일까지 영업본부장 승인으로 선적을 허용하지만, 무신용장 거래는 결제기일 후 30일이 지난 미결 채권이 있는 상태의 추가 선적분이 면책된다(약관 제7조①2). 선적을 보류하는 것이 맞고 규정 개정이 필요하다 — 담당자 확인.
A9: Q08 | B9: 바이어가 최근 인보이스부터 입금 처리해 달라고 한다. 사내 규정상 가능한가? | C9: HB-21 | D9: KS-31 | E9: 충돌 | G9: =IF(E9="함정","",IF(F9="","",IF(AND(F9>=1,F9<=3),1,0))) | H9: =IF(E9="함정","",IF(F9="","",IF(F9=0,0,1/F9))) | N9: =IF(E9="함정","",IF(COUNTA(I9:M9)=0,"",IF(COUNTIF(I9:K9,C9)+IF(D9="",0,COUNTIF(I9:K9,D9))>0,1,0))) | O9: =IF(E9="함정","",IF(COUNTA(I9:M9)=0,"",MAX(IFERROR(1/MATCH(C9,I9:M9,0),0),IF(D9="",0,IFERROR(1/MATCH(D9,I9:M9,0),0))))) | V9: =IF(E9="함정","",IF(COUNTA(I9:M9)=0,"",(COUNTIF(I9:I9,C9)+IF(D9="",0,COUNTIF(I9:I9,D9)))/1)) | W9: =IF(E9="함정","",IF(COUNTA(I9:M9)=0,"",(COUNTIF(I9:I9,C9)+IF(D9="",0,COUNTIF(I9:I9,D9)))/IF(D9="",1,2))) | X9: =IF(E9="함정","",IF(COUNTA(I9:M9)=0,"",IF(V9+W9=0,0,2*V9*W9/(V9+W9)))) | Y9: =IF(E9="함정","",IF(COUNTA(I9:M9)=0,"",(COUNTIF(I9:K9,C9)+IF(D9="",0,COUNTIF(I9:K9,D9)))/3)) | Z9: =IF(E9="함정","",IF(COUNTA(I9:M9)=0,"",(COUNTIF(I9:K9,C9)+IF(D9="",0,COUNTIF(I9:K9,D9)))/IF(D9="",1,2))) | AA9: =IF(E9="함정","",IF(COUNTA(I9:M9)=0,"",IF(Y9+Z9=0,0,2*Y9*Z9/(Y9+Z9)))) | AB9: =IF(E9="함정","",IF(COUNTA(I9:M9)=0,"",(COUNTIF(I9:M9,C9)+IF(D9="",0,COUNTIF(I9:M9,D9)))/5)) | AC9: =IF(E9="함정","",IF(COUNTA(I9:M9)=0,"",(COUNTIF(I9:M9,C9)+IF(D9="",0,COUNTIF(I9:M9,D9)))/IF(D9="",1,2))) | AD9: =IF(E9="함정","",IF(COUNTA(I9:M9)=0,"",IF(AB9+AC9=0,0,2*AB9*AC9/(AB9+AC9)))) | AE9: [규정 충돌] 사내 규정 제21조②는 영업본부장이 인정하면 지정 충당을 허용하지만, K-SURE는 당사자 합의와 관계없이 최초 결제기일 순으로 충당된 것으로 본다(L/C 제외). 원장은 결제기일 순(FIFO)으로 관리해야 연속수출·통지 기한 판단이 어긋나지 않는다 — 담당자 확인.
A10: Q09 | B10: 바이어의 Chapter 11 신청 뉴스를 본 뒤 선적한 건도 보상되나? | C10: KS-7 | D10: HB-20 | E10: 정상 | G10: =IF(E10="함정","",IF(F10="","",IF(AND(F10>=1,F10<=3),1,0))) | H10: =IF(E10="함정","",IF(F10="","",IF(F10=0,0,1/F10))) | N10: =IF(E10="함정","",IF(COUNTA(I10:M10)=0,"",IF(COUNTIF(I10:K10,C10)+IF(D10="",0,COUNTIF(I10:K10,D10))>0,1,0))) | O10: =IF(E10="함정","",IF(COUNTA(I10:M10)=0,"",MAX(IFERROR(1/MATCH(C10,I10:M10,0),0),IF(D10="",0,IFERROR(1/MATCH(D10,I10:M10,0),0))))) | V10: =IF(E10="함정","",IF(COUNTA(I10:M10)=0,"",(COUNTIF(I10:I10,C10)+IF(D10="",0,COUNTIF(I10:I10,D10)))/1)) | W10: =IF(E10="함정","",IF(COUNTA(I10:M10)=0,"",(COUNTIF(I10:I10,C10)+IF(D10="",0,COUNTIF(I10:I10,D10)))/IF(D10="",1,2))) | X10: =IF(E10="함정","",IF(COUNTA(I10:M10)=0,"",IF(V10+W10=0,0,2*V10*W10/(V10+W10)))) | Y10: =IF(E10="함정","",IF(COUNTA(I10:M10)=0,"",(COUNTIF(I10:K10,C10)+IF(D10="",0,COUNTIF(I10:K10,D10)))/3)) | Z10: =IF(E10="함정","",IF(COUNTA(I10:M10)=0,"",(COUNTIF(I10:K10,C10)+IF(D10="",0,COUNTIF(I10:K10,D10)))/IF(D10="",1,2))) | AA10: =IF(E10="함정","",IF(COUNTA(I10:M10)=0,"",IF(Y10+Z10=0,0,2*Y10*Z10/(Y10+Z10)))) | AB10: =IF(E10="함정","",IF(COUNTA(I10:M10)=0,"",(COUNTIF(I10:M10,C10)+IF(D10="",0,COUNTIF(I10:M10,D10)))/5)) | AC10: =IF(E10="함정","",IF(COUNTA(I10:M10)=0,"",(COUNTIF(I10:M10,C10)+IF(D10="",0,COUNTIF(I10:M10,D10)))/IF(D10="",1,2))) | AD10: =IF(E10="함정","",IF(COUNTA(I10:M10)=0,"",IF(AB10+AC10=0,0,2*AB10*AC10/(AB10+AC10)))) | AE10: 보상되지 않는다(면책). 파산신청 등 신용상태가 크게 나빠진 사실을 안 뒤의 수출은 보상하지 않으므로 즉시 선적을 중단한다.
A11: Q10 | B11: 중소기업이 지급지체 사고로 보험금을 청구할 수 있는 시점은? | C11: KS-22 | E11: 정상 | G11: =IF(E11="함정","",IF(F11="","",IF(AND(F11>=1,F11<=3),1,0))) | H11: =IF(E11="함정","",IF(F11="","",IF(F11=0,0,1/F11))) | N11: =IF(E11="함정","",IF(COUNTA(I11:M11)=0,"",IF(COUNTIF(I11:K11,C11)+IF(D11="",0,COUNTIF(I11:K11,D11))>0,1,0))) | O11: =IF(E11="함정","",IF(COUNTA(I11:M11)=0,"",MAX(IFERROR(1/MATCH(C11,I11:M11,0),0),IF(D11="",0,IFERROR(1/MATCH(D11,I11:M11,0),0))))) | V11: =IF(E11="함정","",IF(COUNTA(I11:M11)=0,"",(COUNTIF(I11:I11,C11)+IF(D11="",0,COUNTIF(I11:I11,D11)))/1)) | W11: =IF(E11="함정","",IF(COUNTA(I11:M11)=0,"",(COUNTIF(I11:I11,C11)+IF(D11="",0,COUNTIF(I11:I11,D11)))/IF(D11="",1,2))) | X11: =IF(E11="함정","",IF(COUNTA(I11:M11)=0,"",IF(V11+W11=0,0,2*V11*W11/(V11+W11)))) | Y11: =IF(E11="함정","",IF(COUNTA(I11:M11)=0,"",(COUNTIF(I11:K11,C11)+IF(D11="",0,COUNTIF(I11:K11,D11)))/3)) | Z11: =IF(E11="함정","",IF(COUNTA(I11:M11)=0,"",(COUNTIF(I11:K11,C11)+IF(D11="",0,COUNTIF(I11:K11,D11)))/IF(D11="",1,2))) | AA11: =IF(E11="함정","",IF(COUNTA(I11:M11)=0,"",IF(Y11+Z11=0,0,2*Y11*Z11/(Y11+Z11)))) | AB11: =IF(E11="함정","",IF(COUNTA(I11:M11)=0,"",(COUNTIF(I11:M11,C11)+IF(D11="",0,COUNTIF(I11:M11,D11)))/5)) | AC11: =IF(E11="함정","",IF(COUNTA(I11:M11)=0,"",(COUNTIF(I11:M11,C11)+IF(D11="",0,COUNTIF(I11:M11,D11)))/IF(D11="",1,2))) | AD11: =IF(E11="함정","",IF(COUNTA(I11:M11)=0,"",IF(AB11+AC11=0,0,2*AB11*AC11/(AB11+AC11)))) | AE11: 결제기일부터 1개월이 지난 뒤(중소기업이 아니면 2개월).
A12: Q11 | B12: 분쟁 등으로 보험금 지급이 늦어질 때 가지급 한도는? | C12: KS-25 | E12: 정상 | G12: =IF(E12="함정","",IF(F12="","",IF(AND(F12>=1,F12<=3),1,0))) | H12: =IF(E12="함정","",IF(F12="","",IF(F12=0,0,1/F12))) | N12: =IF(E12="함정","",IF(COUNTA(I12:M12)=0,"",IF(COUNTIF(I12:K12,C12)+IF(D12="",0,COUNTIF(I12:K12,D12))>0,1,0))) | O12: =IF(E12="함정","",IF(COUNTA(I12:M12)=0,"",MAX(IFERROR(1/MATCH(C12,I12:M12,0),0),IF(D12="",0,IFERROR(1/MATCH(D12,I12:M12,0),0))))) | V12: =IF(E12="함정","",IF(COUNTA(I12:M12)=0,"",(COUNTIF(I12:I12,C12)+IF(D12="",0,COUNTIF(I12:I12,D12)))/1)) | W12: =IF(E12="함정","",IF(COUNTA(I12:M12)=0,"",(COUNTIF(I12:I12,C12)+IF(D12="",0,COUNTIF(I12:I12,D12)))/IF(D12="",1,2))) | X12: =IF(E12="함정","",IF(COUNTA(I12:M12)=0,"",IF(V12+W12=0,0,2*V12*W12/(V12+W12)))) | Y12: =IF(E12="함정","",IF(COUNTA(I12:M12)=0,"",(COUNTIF(I12:K12,C12)+IF(D12="",0,COUNTIF(I12:K12,D12)))/3)) | Z12: =IF(E12="함정","",IF(COUNTA(I12:M12)=0,"",(COUNTIF(I12:K12,C12)+IF(D12="",0,COUNTIF(I12:K12,D12)))/IF(D12="",1,2))) | AA12: =IF(E12="함정","",IF(COUNTA(I12:M12)=0,"",IF(Y12+Z12=0,0,2*Y12*Z12/(Y12+Z12)))) | AB12: =IF(E12="함정","",IF(COUNTA(I12:M12)=0,"",(COUNTIF(I12:M12,C12)+IF(D12="",0,COUNTIF(I12:M12,D12)))/5)) | AC12: =IF(E12="함정","",IF(COUNTA(I12:M12)=0,"",(COUNTIF(I12:M12,C12)+IF(D12="",0,COUNTIF(I12:M12,D12)))/IF(D12="",1,2))) | AD12: =IF(E12="함정","",IF(COUNTA(I12:M12)=0,"",IF(AB12+AC12=0,0,2*AB12*AC12/(AB12+AC12)))) | AE12: 지급 예상액의 60/100 범위(중견기업 70/100, 중소기업 80/100).
A13: Q12 | B13: 보험금청구권의 소멸시효는? | C13: KS-22의2 | E13: 정상 | G13: =IF(E13="함정","",IF(F13="","",IF(AND(F13>=1,F13<=3),1,0))) | H13: =IF(E13="함정","",IF(F13="","",IF(F13=0,0,1/F13))) | N13: =IF(E13="함정","",IF(COUNTA(I13:M13)=0,"",IF(COUNTIF(I13:K13,C13)+IF(D13="",0,COUNTIF(I13:K13,D13))>0,1,0))) | O13: =IF(E13="함정","",IF(COUNTA(I13:M13)=0,"",MAX(IFERROR(1/MATCH(C13,I13:M13,0),0),IF(D13="",0,IFERROR(1/MATCH(D13,I13:M13,0),0))))) | V13: =IF(E13="함정","",IF(COUNTA(I13:M13)=0,"",(COUNTIF(I13:I13,C13)+IF(D13="",0,COUNTIF(I13:I13,D13)))/1)) | W13: =IF(E13="함정","",IF(COUNTA(I13:M13)=0,"",(COUNTIF(I13:I13,C13)+IF(D13="",0,COUNTIF(I13:I13,D13)))/IF(D13="",1,2))) | X13: =IF(E13="함정","",IF(COUNTA(I13:M13)=0,"",IF(V13+W13=0,0,2*V13*W13/(V13+W13)))) | Y13: =IF(E13="함정","",IF(COUNTA(I13:M13)=0,"",(COUNTIF(I13:K13,C13)+IF(D13="",0,COUNTIF(I13:K13,D13)))/3)) | Z13: =IF(E13="함정","",IF(COUNTA(I13:M13)=0,"",(COUNTIF(I13:K13,C13)+IF(D13="",0,COUNTIF(I13:K13,D13)))/IF(D13="",1,2))) | AA13: =IF(E13="함정","",IF(COUNTA(I13:M13)=0,"",IF(Y13+Z13=0,0,2*Y13*Z13/(Y13+Z13)))) | AB13: =IF(E13="함정","",IF(COUNTA(I13:M13)=0,"",(COUNTIF(I13:M13,C13)+IF(D13="",0,COUNTIF(I13:M13,D13)))/5)) | AC13: =IF(E13="함정","",IF(COUNTA(I13:M13)=0,"",(COUNTIF(I13:M13,C13)+IF(D13="",0,COUNTIF(I13:M13,D13)))/IF(D13="",1,2))) | AD13: =IF(E13="함정","",IF(COUNTA(I13:M13)=0,"",IF(AB13+AC13=0,0,2*AB13*AC13/(AB13+AC13)))) | AE13: 3년.
A14: Q13 | B14: 보험금을 받기 전에 일부 회수하면 언제까지 알려야 하나? | C14: KS-23 | D14: HB-20 | E14: 정상 | G14: =IF(E14="함정","",IF(F14="","",IF(AND(F14>=1,F14<=3),1,0))) | H14: =IF(E14="함정","",IF(F14="","",IF(F14=0,0,1/F14))) | N14: =IF(E14="함정","",IF(COUNTA(I14:M14)=0,"",IF(COUNTIF(I14:K14,C14)+IF(D14="",0,COUNTIF(I14:K14,D14))>0,1,0))) | O14: =IF(E14="함정","",IF(COUNTA(I14:M14)=0,"",MAX(IFERROR(1/MATCH(C14,I14:M14,0),0),IF(D14="",0,IFERROR(1/MATCH(D14,I14:M14,0),0))))) | V14: =IF(E14="함정","",IF(COUNTA(I14:M14)=0,"",(COUNTIF(I14:I14,C14)+IF(D14="",0,COUNTIF(I14:I14,D14)))/1)) | W14: =IF(E14="함정","",IF(COUNTA(I14:M14)=0,"",(COUNTIF(I14:I14,C14)+IF(D14="",0,COUNTIF(I14:I14,D14)))/IF(D14="",1,2))) | X14: =IF(E14="함정","",IF(COUNTA(I14:M14)=0,"",IF(V14+W14=0,0,2*V14*W14/(V14+W14)))) | Y14: =IF(E14="함정","",IF(COUNTA(I14:M14)=0,"",(COUNTIF(I14:K14,C14)+IF(D14="",0,COUNTIF(I14:K14,D14)))/3)) | Z14: =IF(E14="함정","",IF(COUNTA(I14:M14)=0,"",(COUNTIF(I14:K14,C14)+IF(D14="",0,COUNTIF(I14:K14,D14)))/IF(D14="",1,2))) | AA14: =IF(E14="함정","",IF(COUNTA(I14:M14)=0,"",IF(Y14+Z14=0,0,2*Y14*Z14/(Y14+Z14)))) | AB14: =IF(E14="함정","",IF(COUNTA(I14:M14)=0,"",(COUNTIF(I14:M14,C14)+IF(D14="",0,COUNTIF(I14:M14,D14)))/5)) | AC14: =IF(E14="함정","",IF(COUNTA(I14:M14)=0,"",(COUNTIF(I14:M14,C14)+IF(D14="",0,COUNTIF(I14:M14,D14)))/IF(D14="",1,2))) | AD14: =IF(E14="함정","",IF(COUNTA(I14:M14)=0,"",IF(AB14+AC14=0,0,2*AB14*AC14/(AB14+AC14)))) | AE14: 입금일부터 15영업일 이내에 공사에 알린다.
A15: Q14 | B15: 바이어와 결제기일을 60일에서 90일로 연장하기로 했다. K-SURE에 무엇을 해야 하나? | C15: KS-18 | D15: HB-20 | E15: 정상 | G15: =IF(E15="함정","",IF(F15="","",IF(AND(F15>=1,F15<=3),1,0))) | H15: =IF(E15="함정","",IF(F15="","",IF(F15=0,0,1/F15))) | N15: =IF(E15="함정","",IF(COUNTA(I15:M15)=0,"",IF(COUNTIF(I15:K15,C15)+IF(D15="",0,COUNTIF(I15:K15,D15))>0,1,0))) | O15: =IF(E15="함정","",IF(COUNTA(I15:M15)=0,"",MAX(IFERROR(1/MATCH(C15,I15:M15,0),0),IF(D15="",0,IFERROR(1/MATCH(D15,I15:M15,0),0))))) | V15: =IF(E15="함정","",IF(COUNTA(I15:M15)=0,"",(COUNTIF(I15:I15,C15)+IF(D15="",0,COUNTIF(I15:I15,D15)))/1)) | W15: =IF(E15="함정","",IF(COUNTA(I15:M15)=0,"",(COUNTIF(I15:I15,C15)+IF(D15="",0,COUNTIF(I15:I15,D15)))/IF(D15="",1,2))) | X15: =IF(E15="함정","",IF(COUNTA(I15:M15)=0,"",IF(V15+W15=0,0,2*V15*W15/(V15+W15)))) | Y15: =IF(E15="함정","",IF(COUNTA(I15:M15)=0,"",(COUNTIF(I15:K15,C15)+IF(D15="",0,COUNTIF(I15:K15,D15)))/3)) | Z15: =IF(E15="함정","",IF(COUNTA(I15:M15)=0,"",(COUNTIF(I15:K15,C15)+IF(D15="",0,COUNTIF(I15:K15,D15)))/IF(D15="",1,2))) | AA15: =IF(E15="함정","",IF(COUNTA(I15:M15)=0,"",IF(Y15+Z15=0,0,2*Y15*Z15/(Y15+Z15)))) | AB15: =IF(E15="함정","",IF(COUNTA(I15:M15)=0,"",(COUNTIF(I15:M15,C15)+IF(D15="",0,COUNTIF(I15:M15,D15)))/5)) | AC15: =IF(E15="함정","",IF(COUNTA(I15:M15)=0,"",(COUNTIF(I15:M15,C15)+IF(D15="",0,COUNTIF(I15:M15,D15)))/IF(D15="",1,2))) | AD15: =IF(E15="함정","",IF(COUNTA(I15:M15)=0,"",IF(AB15+AC15=0,0,2*AB15*AC15/(AB15+AC15)))) | AE15: 변경 사실을 10영업일 이내에 서면으로 통지한다(계약변경 통지).
A16: Q15 | B16: 사내 규정상 C등급 바이어에게 허용되는 결제조건은? | C16: HB-10 | E16: 정상 | G16: =IF(E16="함정","",IF(F16="","",IF(AND(F16>=1,F16<=3),1,0))) | H16: =IF(E16="함정","",IF(F16="","",IF(F16=0,0,1/F16))) | N16: =IF(E16="함정","",IF(COUNTA(I16:M16)=0,"",IF(COUNTIF(I16:K16,C16)+IF(D16="",0,COUNTIF(I16:K16,D16))>0,1,0))) | O16: =IF(E16="함정","",IF(COUNTA(I16:M16)=0,"",MAX(IFERROR(1/MATCH(C16,I16:M16,0),0),IF(D16="",0,IFERROR(1/MATCH(D16,I16:M16,0),0))))) | V16: =IF(E16="함정","",IF(COUNTA(I16:M16)=0,"",(COUNTIF(I16:I16,C16)+IF(D16="",0,COUNTIF(I16:I16,D16)))/1)) | W16: =IF(E16="함정","",IF(COUNTA(I16:M16)=0,"",(COUNTIF(I16:I16,C16)+IF(D16="",0,COUNTIF(I16:I16,D16)))/IF(D16="",1,2))) | X16: =IF(E16="함정","",IF(COUNTA(I16:M16)=0,"",IF(V16+W16=0,0,2*V16*W16/(V16+W16)))) | Y16: =IF(E16="함정","",IF(COUNTA(I16:M16)=0,"",(COUNTIF(I16:K16,C16)+IF(D16="",0,COUNTIF(I16:K16,D16)))/3)) | Z16: =IF(E16="함정","",IF(COUNTA(I16:M16)=0,"",(COUNTIF(I16:K16,C16)+IF(D16="",0,COUNTIF(I16:K16,D16)))/IF(D16="",1,2))) | AA16: =IF(E16="함정","",IF(COUNTA(I16:M16)=0,"",IF(Y16+Z16=0,0,2*Y16*Z16/(Y16+Z16)))) | AB16: =IF(E16="함정","",IF(COUNTA(I16:M16)=0,"",(COUNTIF(I16:M16,C16)+IF(D16="",0,COUNTIF(I16:M16,D16)))/5)) | AC16: =IF(E16="함정","",IF(COUNTA(I16:M16)=0,"",(COUNTIF(I16:M16,C16)+IF(D16="",0,COUNTIF(I16:M16,D16)))/IF(D16="",1,2))) | AD16: =IF(E16="함정","",IF(COUNTA(I16:M16)=0,"",IF(AB16+AC16=0,0,2*AB16*AC16/(AB16+AC16)))) | AE16: 선수금 또는 신용장(L/C)만 허용된다(제한고객도 같다).
A17: Q16 | B17: 사내 규정상 바이어 한도 US$150,000 신규 설정의 전결권자는? | C17: HB-6 | E17: 정상 | G17: =IF(E17="함정","",IF(F17="","",IF(AND(F17>=1,F17<=3),1,0))) | H17: =IF(E17="함정","",IF(F17="","",IF(F17=0,0,1/F17))) | N17: =IF(E17="함정","",IF(COUNTA(I17:M17)=0,"",IF(COUNTIF(I17:K17,C17)+IF(D17="",0,COUNTIF(I17:K17,D17))>0,1,0))) | O17: =IF(E17="함정","",IF(COUNTA(I17:M17)=0,"",MAX(IFERROR(1/MATCH(C17,I17:M17,0),0),IF(D17="",0,IFERROR(1/MATCH(D17,I17:M17,0),0))))) | V17: =IF(E17="함정","",IF(COUNTA(I17:M17)=0,"",(COUNTIF(I17:I17,C17)+IF(D17="",0,COUNTIF(I17:I17,D17)))/1)) | W17: =IF(E17="함정","",IF(COUNTA(I17:M17)=0,"",(COUNTIF(I17:I17,C17)+IF(D17="",0,COUNTIF(I17:I17,D17)))/IF(D17="",1,2))) | X17: =IF(E17="함정","",IF(COUNTA(I17:M17)=0,"",IF(V17+W17=0,0,2*V17*W17/(V17+W17)))) | Y17: =IF(E17="함정","",IF(COUNTA(I17:M17)=0,"",(COUNTIF(I17:K17,C17)+IF(D17="",0,COUNTIF(I17:K17,D17)))/3)) | Z17: =IF(E17="함정","",IF(COUNTA(I17:M17)=0,"",(COUNTIF(I17:K17,C17)+IF(D17="",0,COUNTIF(I17:K17,D17)))/IF(D17="",1,2))) | AA17: =IF(E17="함정","",IF(COUNTA(I17:M17)=0,"",IF(Y17+Z17=0,0,2*Y17*Z17/(Y17+Z17)))) | AB17: =IF(E17="함정","",IF(COUNTA(I17:M17)=0,"",(COUNTIF(I17:M17,C17)+IF(D17="",0,COUNTIF(I17:M17,D17)))/5)) | AC17: =IF(E17="함정","",IF(COUNTA(I17:M17)=0,"",(COUNTIF(I17:M17,C17)+IF(D17="",0,COUNTIF(I17:M17,D17)))/IF(D17="",1,2))) | AD17: =IF(E17="함정","",IF(COUNTA(I17:M17)=0,"",IF(AB17+AC17=0,0,2*AB17*AC17/(AB17+AC17)))) | AE17: 영업본부장(US$50,000 초과 US$200,000 이하).
A18: Q17 | B18: 수출채권 대손을 세무상 인정받을 수 있는 K-SURE 관련 사유는? | C18: LAW-CIT-19의2 | D18: HB-34 | E18: 정상 | G18: =IF(E18="함정","",IF(F18="","",IF(AND(F18>=1,F18<=3),1,0))) | H18: =IF(E18="함정","",IF(F18="","",IF(F18=0,0,1/F18))) | N18: =IF(E18="함정","",IF(COUNTA(I18:M18)=0,"",IF(COUNTIF(I18:K18,C18)+IF(D18="",0,COUNTIF(I18:K18,D18))>0,1,0))) | O18: =IF(E18="함정","",IF(COUNTA(I18:M18)=0,"",MAX(IFERROR(1/MATCH(C18,I18:M18,0),0),IF(D18="",0,IFERROR(1/MATCH(D18,I18:M18,0),0))))) | V18: =IF(E18="함정","",IF(COUNTA(I18:M18)=0,"",(COUNTIF(I18:I18,C18)+IF(D18="",0,COUNTIF(I18:I18,D18)))/1)) | W18: =IF(E18="함정","",IF(COUNTA(I18:M18)=0,"",(COUNTIF(I18:I18,C18)+IF(D18="",0,COUNTIF(I18:I18,D18)))/IF(D18="",1,2))) | X18: =IF(E18="함정","",IF(COUNTA(I18:M18)=0,"",IF(V18+W18=0,0,2*V18*W18/(V18+W18)))) | Y18: =IF(E18="함정","",IF(COUNTA(I18:M18)=0,"",(COUNTIF(I18:K18,C18)+IF(D18="",0,COUNTIF(I18:K18,D18)))/3)) | Z18: =IF(E18="함정","",IF(COUNTA(I18:M18)=0,"",(COUNTIF(I18:K18,C18)+IF(D18="",0,COUNTIF(I18:K18,D18)))/IF(D18="",1,2))) | AA18: =IF(E18="함정","",IF(COUNTA(I18:M18)=0,"",IF(Y18+Z18=0,0,2*Y18*Z18/(Y18+Z18)))) | AB18: =IF(E18="함정","",IF(COUNTA(I18:M18)=0,"",(COUNTIF(I18:M18,C18)+IF(D18="",0,COUNTIF(I18:M18,D18)))/5)) | AC18: =IF(E18="함정","",IF(COUNTA(I18:M18)=0,"",(COUNTIF(I18:M18,C18)+IF(D18="",0,COUNTIF(I18:M18,D18)))/IF(D18="",1,2))) | AD18: =IF(E18="함정","",IF(COUNTA(I18:M18)=0,"",IF(AB18+AC18=0,0,2*AB18*AC18/(AB18+AC18)))) | AE18: 한국무역보험공사로부터 회수불능으로 확인된 수출채권(법인세법 시행령 제19조의2 제1항 제7호).
A19: Q18 | B19: 중소기업 외상매출금은 회수기일이 얼마나 지나야 대손 사유가 되나? | C19: LAW-CIT-19의2 | D19: HB-34 | E19: 정상 | G19: =IF(E19="함정","",IF(F19="","",IF(AND(F19>=1,F19<=3),1,0))) | H19: =IF(E19="함정","",IF(F19="","",IF(F19=0,0,1/F19))) | N19: =IF(E19="함정","",IF(COUNTA(I19:M19)=0,"",IF(COUNTIF(I19:K19,C19)+IF(D19="",0,COUNTIF(I19:K19,D19))>0,1,0))) | O19: =IF(E19="함정","",IF(COUNTA(I19:M19)=0,"",MAX(IFERROR(1/MATCH(C19,I19:M19,0),0),IF(D19="",0,IFERROR(1/MATCH(D19,I19:M19,0),0))))) | V19: =IF(E19="함정","",IF(COUNTA(I19:M19)=0,"",(COUNTIF(I19:I19,C19)+IF(D19="",0,COUNTIF(I19:I19,D19)))/1)) | W19: =IF(E19="함정","",IF(COUNTA(I19:M19)=0,"",(COUNTIF(I19:I19,C19)+IF(D19="",0,COUNTIF(I19:I19,D19)))/IF(D19="",1,2))) | X19: =IF(E19="함정","",IF(COUNTA(I19:M19)=0,"",IF(V19+W19=0,0,2*V19*W19/(V19+W19)))) | Y19: =IF(E19="함정","",IF(COUNTA(I19:M19)=0,"",(COUNTIF(I19:K19,C19)+IF(D19="",0,COUNTIF(I19:K19,D19)))/3)) | Z19: =IF(E19="함정","",IF(COUNTA(I19:M19)=0,"",(COUNTIF(I19:K19,C19)+IF(D19="",0,COUNTIF(I19:K19,D19)))/IF(D19="",1,2))) | AA19: =IF(E19="함정","",IF(COUNTA(I19:M19)=0,"",IF(Y19+Z19=0,0,2*Y19*Z19/(Y19+Z19)))) | AB19: =IF(E19="함정","",IF(COUNTA(I19:M19)=0,"",(COUNTIF(I19:M19,C19)+IF(D19="",0,COUNTIF(I19:M19,D19)))/5)) | AC19: =IF(E19="함정","",IF(COUNTA(I19:M19)=0,"",(COUNTIF(I19:M19,C19)+IF(D19="",0,COUNTIF(I19:M19,D19)))/IF(D19="",1,2))) | AD19: =IF(E19="함정","",IF(COUNTA(I19:M19)=0,"",IF(AB19+AC19=0,0,2*AB19*AC19/(AB19+AC19)))) | AE19: 회수기일이 2년 이상 지난 경우(특수관계인 채권은 제외).
A20: Q19 | B20: UCP 600 제14조의 서류심사 기간은? | E20: 함정 | G20: =IF(E20="함정","",IF(F20="","",IF(AND(F20>=1,F20<=3),1,0))) | H20: =IF(E20="함정","",IF(F20="","",IF(F20=0,0,1/F20))) | N20: =IF(E20="함정","",IF(COUNTA(I20:M20)=0,"",IF(COUNTIF(I20:K20,C20)+IF(D20="",0,COUNTIF(I20:K20,D20))>0,1,0))) | O20: =IF(E20="함정","",IF(COUNTA(I20:M20)=0,"",MAX(IFERROR(1/MATCH(C20,I20:M20,0),0),IF(D20="",0,IFERROR(1/MATCH(D20,I20:M20,0),0))))) | V20: =IF(E20="함정","",IF(COUNTA(I20:M20)=0,"",(COUNTIF(I20:I20,C20)+IF(D20="",0,COUNTIF(I20:I20,D20)))/1)) | W20: =IF(E20="함정","",IF(COUNTA(I20:M20)=0,"",(COUNTIF(I20:I20,C20)+IF(D20="",0,COUNTIF(I20:I20,D20)))/IF(D20="",1,2))) | X20: =IF(E20="함정","",IF(COUNTA(I20:M20)=0,"",IF(V20+W20=0,0,2*V20*W20/(V20+W20)))) | Y20: =IF(E20="함정","",IF(COUNTA(I20:M20)=0,"",(COUNTIF(I20:K20,C20)+IF(D20="",0,COUNTIF(I20:K20,D20)))/3)) | Z20: =IF(E20="함정","",IF(COUNTA(I20:M20)=0,"",(COUNTIF(I20:K20,C20)+IF(D20="",0,COUNTIF(I20:K20,D20)))/IF(D20="",1,2))) | AA20: =IF(E20="함정","",IF(COUNTA(I20:M20)=0,"",IF(Y20+Z20=0,0,2*Y20*Z20/(Y20+Z20)))) | AB20: =IF(E20="함정","",IF(COUNTA(I20:M20)=0,"",(COUNTIF(I20:M20,C20)+IF(D20="",0,COUNTIF(I20:M20,D20)))/5)) | AC20: =IF(E20="함정","",IF(COUNTA(I20:M20)=0,"",(COUNTIF(I20:M20,C20)+IF(D20="",0,COUNTIF(I20:M20,D20)))/IF(D20="",1,2))) | AD20: =IF(E20="함정","",IF(COUNTA(I20:M20)=0,"",IF(AB20+AC20=0,0,2*AB20*AC20/(AB20+AC20)))) | AE20: 제공 문서에서 확인되지 않습니다. (ICC 문서는 AI 이용 금지로 코퍼스에서 뺐다)
A21: Q20 | B21: K-SURE 개별보험에서 B등급 수입자·90일 조건의 보험요율은? | E21: 함정 | G21: =IF(E21="함정","",IF(F21="","",IF(AND(F21>=1,F21<=3),1,0))) | H21: =IF(E21="함정","",IF(F21="","",IF(F21=0,0,1/F21))) | N21: =IF(E21="함정","",IF(COUNTA(I21:M21)=0,"",IF(COUNTIF(I21:K21,C21)+IF(D21="",0,COUNTIF(I21:K21,D21))>0,1,0))) | O21: =IF(E21="함정","",IF(COUNTA(I21:M21)=0,"",MAX(IFERROR(1/MATCH(C21,I21:M21,0),0),IF(D21="",0,IFERROR(1/MATCH(D21,I21:M21,0),0))))) | V21: =IF(E21="함정","",IF(COUNTA(I21:M21)=0,"",(COUNTIF(I21:I21,C21)+IF(D21="",0,COUNTIF(I21:I21,D21)))/1)) | W21: =IF(E21="함정","",IF(COUNTA(I21:M21)=0,"",(COUNTIF(I21:I21,C21)+IF(D21="",0,COUNTIF(I21:I21,D21)))/IF(D21="",1,2))) | X21: =IF(E21="함정","",IF(COUNTA(I21:M21)=0,"",IF(V21+W21=0,0,2*V21*W21/(V21+W21)))) | Y21: =IF(E21="함정","",IF(COUNTA(I21:M21)=0,"",(COUNTIF(I21:K21,C21)+IF(D21="",0,COUNTIF(I21:K21,D21)))/3)) | Z21: =IF(E21="함정","",IF(COUNTA(I21:M21)=0,"",(COUNTIF(I21:K21,C21)+IF(D21="",0,COUNTIF(I21:K21,D21)))/IF(D21="",1,2))) | AA21: =IF(E21="함정","",IF(COUNTA(I21:M21)=0,"",IF(Y21+Z21=0,0,2*Y21*Z21/(Y21+Z21)))) | AB21: =IF(E21="함정","",IF(COUNTA(I21:M21)=0,"",(COUNTIF(I21:M21,C21)+IF(D21="",0,COUNTIF(I21:M21,D21)))/5)) | AC21: =IF(E21="함정","",IF(COUNTA(I21:M21)=0,"",(COUNTIF(I21:M21,C21)+IF(D21="",0,COUNTIF(I21:M21,D21)))/IF(D21="",1,2))) | AD21: =IF(E21="함정","",IF(COUNTA(I21:M21)=0,"",IF(AB21+AC21=0,0,2*AB21*AC21/(AB21+AC21)))) | AE21: 제공 문서에서 확인되지 않습니다. (요율표는 공개되지 않는다)

Sheet experiments
A1: experiment | B1: setting | C1: q_id | D1: first_hit_rank | E1: hit_at_3 | F1: rr | H1: experiment | I1: Hit@3 | J1: MRR
A2: E1 | B2: General 청킹(PDF 그대로, 구분자 \n\n, 500 tokens) | C2: Q03 | E2: =IF(D2="","",IF(AND(D2>=1,D2<=3),1,0)) | F2: =IF(D2="","",IF(D2=0,0,1/D2)) | H2: E1 | I2: =IFERROR(AVERAGEIF($A$2:$A$21,H2,$E$2:$E$21),"") | J2: =IFERROR(AVERAGEIF($A$2:$A$21,H2,$F$2:$F$21),"")
A3: E1 | B3: General 청킹(PDF 그대로, 구분자 \n\n, 500 tokens) | C3: Q05 | E3: =IF(D3="","",IF(AND(D3>=1,D3<=3),1,0)) | F3: =IF(D3="","",IF(D3=0,0,1/D3)) | H3: E2 | I3: =IFERROR(AVERAGEIF($A$2:$A$21,H3,$E$2:$E$21),"") | J3: =IFERROR(AVERAGEIF($A$2:$A$21,H3,$F$2:$F$21),"")
A4: E1 | B4: General 청킹(PDF 그대로, 구분자 \n\n, 500 tokens) | C4: Q07 | E4: =IF(D4="","",IF(AND(D4>=1,D4<=3),1,0)) | F4: =IF(D4="","",IF(D4=0,0,1/D4)) | H4: E3 | I4: =IFERROR(AVERAGEIF($A$2:$A$21,H4,$E$2:$E$21),"") | J4: =IFERROR(AVERAGEIF($A$2:$A$21,H4,$F$2:$F$21),"")
A5: E1 | B5: General 청킹(PDF 그대로, 구분자 \n\n, 500 tokens) | C5: Q14 | E5: =IF(D5="","",IF(AND(D5>=1,D5<=3),1,0)) | F5: =IF(D5="","",IF(D5=0,0,1/D5)) | H5: E4 | I5: =IFERROR(AVERAGEIF($A$2:$A$21,H5,$E$2:$E$21),"") | J5: =IFERROR(AVERAGEIF($A$2:$A$21,H5,$F$2:$F$21),"")
A6: E1 | B6: General 청킹(PDF 그대로, 구분자 \n\n, 500 tokens) | C6: Q16 | E6: =IF(D6="","",IF(AND(D6>=1,D6<=3),1,0)) | F6: =IF(D6="","",IF(D6=0,0,1/D6))
A7: E2 | B7: Parent-child(기본) | C7: Q03 | E7: =IF(D7="","",IF(AND(D7>=1,D7<=3),1,0)) | F7: =IF(D7="","",IF(D7=0,0,1/D7))
A8: E2 | B8: Parent-child(기본) | C8: Q05 | E8: =IF(D8="","",IF(AND(D8>=1,D8<=3),1,0)) | F8: =IF(D8="","",IF(D8=0,0,1/D8))
A9: E2 | B9: Parent-child(기본) | C9: Q07 | E9: =IF(D9="","",IF(AND(D9>=1,D9<=3),1,0)) | F9: =IF(D9="","",IF(D9=0,0,1/D9))
A10: E2 | B10: Parent-child(기본) | C10: Q14 | E10: =IF(D10="","",IF(AND(D10>=1,D10<=3),1,0)) | F10: =IF(D10="","",IF(D10=0,0,1/D10))
A11: E2 | B11: Parent-child(기본) | C11: Q16 | E11: =IF(D11="","",IF(AND(D11>=1,D11<=3),1,0)) | F11: =IF(D11="","",IF(D11=0,0,1/D11))
A12: E3 | B12: E2 + Top K 5 | C12: Q03 | E12: =IF(D12="","",IF(AND(D12>=1,D12<=3),1,0)) | F12: =IF(D12="","",IF(D12=0,0,1/D12))
A13: E3 | B13: E2 + Top K 5 | C13: Q05 | E13: =IF(D13="","",IF(AND(D13>=1,D13<=3),1,0)) | F13: =IF(D13="","",IF(D13=0,0,1/D13))
A14: E3 | B14: E2 + Top K 5 | C14: Q07 | E14: =IF(D14="","",IF(AND(D14>=1,D14<=3),1,0)) | F14: =IF(D14="","",IF(D14=0,0,1/D14))
A15: E3 | B15: E2 + Top K 5 | C15: Q14 | E15: =IF(D15="","",IF(AND(D15>=1,D15<=3),1,0)) | F15: =IF(D15="","",IF(D15=0,0,1/D15))
A16: E3 | B16: E2 + Top K 5 | C16: Q16 | E16: =IF(D16="","",IF(AND(D16>=1,D16<=3),1,0)) | F16: =IF(D16="","",IF(D16=0,0,1/D16))
A17: E4 | B17: E2 + Vector Search만 | C17: Q03 | E17: =IF(D17="","",IF(AND(D17>=1,D17<=3),1,0)) | F17: =IF(D17="","",IF(D17=0,0,1/D17))
... A21: E4 | B21: E2 + Vector Search만 | C21: Q16 | E21: =IF(D21="","",IF(AND(D21>=1,D21<=3),1,0)) | F21: =IF(D21="","",IF(D21=0,0,1/D21))

Sheet run_app
A1: q_id | B1: r1 | C1: r2 | D1: r3 | E1: r4 | F1: r5 | G1: abstained | H1: top_score | I1: answer_text | J1: type | K1: gold_id1 | L1: gold_id2 | M1: hit_at_3 | N1: rr | O1: p_at_1 | P1: r_at_1 | Q1: f1_at_1 | R1: p_at_3 | S1: r_at_3 | T1: f1_at_3 | U1: p_at_5 | V1: r_at_5 | W1: f1_at_5
A2: Q01 | J2: =IFERROR(VLOOKUP($A2,eval!$A$2:$E$21,5,FALSE),"") -> 정상 | K2: =IFERROR(VLOOKUP($A2,eval!$A$2:$C$21,3,FALSE),"") -> KS-6 | L2: =IFERROR(IF(VLOOKUP($A2,eval!$A$2:$D$21,4,FALSE)="","",VLOOKUP($A2,eval!$A$2:$D$21,4,FALSE)),"") | M2: =IF(J2="함정","",IF(COUNTA(B2:D2)=0,"",IF(COUNTIF(B2:D2,K2)+IF(L2="",0,COUNTIF(B2:D2,L2))>0,1,0))) | N2: =IF(J2="함정","",IF(COUNTA(B2:F2)=0,"",MAX(IFERROR(1/MATCH(K2,B2:F2,0),0),IF(L2="",0,IFERROR(1/MATCH(L2,B2:F2,0),0))))) | O2: =IF(J2="함정","",IF(COUNTA(B2:F2)=0,"",(COUNTIF(B2:B2,K2)+IF(L2="",0,COUNTIF(B2:B2,L2)))/1)) | P2: =IF(J2="함정","",IF(COUNTA(B2:F2)=0,"",(COUNTIF(B2:B2,K2)+IF(L2="",0,COUNTIF(B2:B2,L2)))/IF(L2="",1,2))) | Q2: =IF(J2="함정","",IF(COUNTA(B2:F2)=0,"",IF(O2+P2=0,0,2*O2*P2/(O2+P2)))) | R2: =IF(J2="함정","",IF(COUNTA(B2:F2)=0,"",(COUNTIF(B2:D2,K2)+IF(L2="",0,COUNTIF(B2:D2,L2)))/3)) | S2: =IF(J2="함정","",IF(COUNTA(B2:F2)=0,"",(COUNTIF(B2:D2,K2)+IF(L2="",0,COUNTIF(B2:D2,L2)))/IF(L2="",1,2))) | T2: =IF(J2="함정","",IF(COUNTA(B2:F2)=0,"",IF(R2+S2=0,0,2*R2*S2/(R2+S2)))) | U2: =IF(J2="함정","",IF(COUNTA(B2:F2)=0,"",(COUNTIF(B2:F2,K2)+IF(L2="",0,COUNTIF(B2:F2,L2)))/5)) | V2: =IF(J2="함정","",IF(COUNTA(B2:F2)=0,"",(COUNTIF(B2:F2,K2)+IF(L2="",0,COUNTIF(B2:F2,L2)))/IF(L2="",1,2))) | W2: =IF(J2="함정","",IF(COUNTA(B2:F2)=0,"",IF(U2+V2=0,0,2*U2*V2/(U2+V2))))
A3: Q02 | J3: =IFERROR(VLOOKUP($A3,eval!$A$2:$E$21,5,FALSE),"") -> 정상 | K3: =IFERROR(VLOOKUP($A3,eval!$A$2:$C$21,3,FALSE),"") -> KS-24 | L3: =IFERROR(IF(VLOOKUP($A3,eval!$A$2:$D$21,4,FALSE)="","",VLOOKUP($A3,eval!$A$2:$D$21,4,FALSE)),"") | M3: =IF(J3="함정","",IF(COUNTA(B3:D3)=0,"",IF(COUNTIF(B3:D3,K3)+IF(L3="",0,COUNTIF(B3:D3,L3))>0,1,0))) | N3: =IF(J3="함정","",IF(COUNTA(B3:F3)=0,"",MAX(IFERROR(1/MATCH(K3,B3:F3,0),0),IF(L3="",0,IFERROR(1/MATCH(L3,B3:F3,0),0))))) | O3: =IF(J3="함정","",IF(COUNTA(B3:F3)=0,"",(COUNTIF(B3:B3,K3)+IF(L3="",0,COUNTIF(B3:B3,L3)))/1)) | P3: =IF(J3="함정","",IF(COUNTA(B3:F3)=0,"",(COUNTIF(B3:B3,K3)+IF(L3="",0,COUNTIF(B3:B3,L3)))/IF(L3="",1,2))) | Q3: =IF(J3="함정","",IF(COUNTA(B3:F3)=0,"",IF(O3+P3=0,0,2*O3*P3/(O3+P3)))) | R3: =IF(J3="함정","",IF(COUNTA(B3:F3)=0,"",(COUNTIF(B3:D3,K3)+IF(L3="",0,COUNTIF(B3:D3,L3)))/3)) | S3: =IF(J3="함정","",IF(COUNTA(B3:F3)=0,"",(COUNTIF(B3:D3,K3)+IF(L3="",0,COUNTIF(B3:D3,L3)))/IF(L3="",1,2))) | T3: =IF(J3="함정","",IF(COUNTA(B3:F3)=0,"",IF(R3+S3=0,0,2*R3*S3/(R3+S3)))) | U3: =IF(J3="함정","",IF(COUNTA(B3:F3)=0,"",(COUNTIF(B3:F3,K3)+IF(L3="",0,COUNTIF(B3:F3,L3)))/5)) | V3: =IF(J3="함정","",IF(COUNTA(B3:F3)=0,"",(COUNTIF(B3:F3,K3)+IF(L3="",0,COUNTIF(B3:F3,L3)))/IF(L3="",1,2))) | W3: =IF(J3="함정","",IF(COUNTA(B3:F3)=0,"",IF(U3+V3=0,0,2*U3*V3/(U3+V3))))
A4: Q03 | J4: =IFERROR(VLOOKUP($A4,eval!$A$2:$E$21,5,FALSE),"") -> 정상 | K4: =IFERROR(VLOOKUP($A4,eval!$A$2:$C$21,3,FALSE),"") -> KS-21 | L4: =IFERROR(IF(VLOOKUP($A4,eval!$A$2:$D$21,4,FALSE)="","",VLOOKUP($A4,eval!$A$2:$D$21,4,FALSE)),"") -> HB-20 | M4: =IF(J4="함정","",IF(COUNTA(B4:D4)=0,"",IF(COUNTIF(B4:D4,K4)+IF(L4="",0,COUNTIF(B4:D4,L4))>0,1,0))) | N4: =IF(J4="함정","",IF(COUNTA(B4:F4)=0,"",MAX(IFERROR(1/MATCH(K4,B4:F4,0),0),IF(L4="",0,IFERROR(1/MATCH(L4,B4:F4,0),0))))) | O4: =IF(J4="함정","",IF(COUNTA(B4:F4)=0,"",(COUNTIF(B4:B4,K4)+IF(L4="",0,COUNTIF(B4:B4,L4)))/1)) | P4: =IF(J4="함정","",IF(COUNTA(B4:F4)=0,"",(COUNTIF(B4:B4,K4)+IF(L4="",0,COUNTIF(B4:B4,L4)))/IF(L4="",1,2))) | Q4: =IF(J4="함정","",IF(COUNTA(B4:F4)=0,"",IF(O4+P4=0,0,2*O4*P4/(O4+P4)))) | R4: =IF(J4="함정","",IF(COUNTA(B4:F4)=0,"",(COUNTIF(B4:D4,K4)+IF(L4="",0,COUNTIF(B4:D4,L4)))/3)) | S4: =IF(J4="함정","",IF(COUNTA(B4:F4)=0,"",(COUNTIF(B4:D4,K4)+IF(L4="",0,COUNTIF(B4:D4,L4)))/IF(L4="",1,2))) | T4: =IF(J4="함정","",IF(COUNTA(B4:F4)=0,"",IF(R4+S4=0,0,2*R4*S4/(R4+S4)))) | U4: =IF(J4="함정","",IF(COUNTA(B4:F4)=0,"",(COUNTIF(B4:F4,K4)+IF(L4="",0,COUNTIF(B4:F4,L4)))/5)) | V4: =IF(J4="함정","",IF(COUNTA(B4:F4)=0,"",(COUNTIF(B4:F4,K4)+IF(L4="",0,COUNTIF(B4:F4,L4)))/IF(L4="",1,2))) | W4: =IF(J4="함정","",IF(COUNTA(B4:F4)=0,"",IF(U4+V4=0,0,2*U4*V4/(U4+V4))))
A5: Q04 | J5: =IFERROR(VLOOKUP($A5,eval!$A$2:$E$21,5,FALSE),"") -> 정상 | K5: =IFERROR(VLOOKUP($A5,eval!$A$2:$C$21,3,FALSE),"") -> KS-21 | L5: =IFERROR(IF(VLOOKUP($A5,eval!$A$2:$D$21,4,FALSE)="","",VLOOKUP($A5,eval!$A$2:$D$21,4,FALSE)),"") -> KS-7 | M5: =IF(J5="함정","",IF(COUNTA(B5:D5)=0,"",IF(COUNTIF(B5:D5,K5)+IF(L5="",0,COUNTIF(B5:D5,L5))>0,1,0))) | N5: =IF(J5="함정","",IF(COUNTA(B5:F5)=0,"",MAX(IFERROR(1/MATCH(K5,B5:F5,0),0),IF(L5="",0,IFERROR(1/MATCH(L5,B5:F5,0),0))))) | O5: =IF(J5="함정","",IF(COUNTA(B5:F5)=0,"",(COUNTIF(B5:B5,K5)+IF(L5="",0,COUNTIF(B5:B5,L5)))/1)) | P5: =IF(J5="함정","",IF(COUNTA(B5:F5)=0,"",(COUNTIF(B5:B5,K5)+IF(L5="",0,COUNTIF(B5:B5,L5)))/IF(L5="",1,2))) | Q5: =IF(J5="함정","",IF(COUNTA(B5:F5)=0,"",IF(O5+P5=0,0,2*O5*P5/(O5+P5)))) | R5: =IF(J5="함정","",IF(COUNTA(B5:F5)=0,"",(COUNTIF(B5:D5,K5)+IF(L5="",0,COUNTIF(B5:D5,L5)))/3)) | S5: =IF(J5="함정","",IF(COUNTA(B5:F5)=0,"",(COUNTIF(B5:D5,K5)+IF(L5="",0,COUNTIF(B5:D5,L5)))/IF(L5="",1,2))) | T5: =IF(J5="함정","",IF(COUNTA(B5:F5)=0,"",IF(R5+S5=0,0,2*R5*S5/(R5+S5)))) | U5: =IF(J5="함정","",IF(COUNTA(B5:F5)=0,"",(COUNTIF(B5:F5,K5)+IF(L5="",0,COUNTIF(B5:F5,L5)))/5)) | V5: =IF(J5="함정","",IF(COUNTA(B5:F5)=0,"",(COUNTIF(B5:F5,K5)+IF(L5="",0,COUNTIF(B5:F5,L5)))/IF(L5="",1,2))) | W5: =IF(J5="함정","",IF(COUNTA(B5:F5)=0,"",IF(U5+V5=0,0,2*U5*V5/(U5+V5))))
A6: Q05 | J6: =IFERROR(VLOOKUP($A6,eval!$A$2:$E$21,5,FALSE),"") -> 정상 | K6: =IFERROR(VLOOKUP($A6,eval!$A$2:$C$21,3,FALSE),"") -> KS-7 | L6: =IFERROR(IF(VLOOKUP($A6,eval!$A$2:$D$21,4,FALSE)="","",VLOOKUP($A6,eval!$A$2:$D$21,4,FALSE)),"") | M6: =IF(J6="함정","",IF(COUNTA(B6:D6)=0,"",IF(COUNTIF(B6:D6,K6)+IF(L6="",0,COUNTIF(B6:D6,L6))>0,1,0))) | N6: =IF(J6="함정","",IF(COUNTA(B6:F6)=0,"",MAX(IFERROR(1/MATCH(K6,B6:F6,0),0),IF(L6="",0,IFERROR(1/MATCH(L6,B6:F6,0),0))))) | O6: =IF(J6="함정","",IF(COUNTA(B6:F6)=0,"",(COUNTIF(B6:B6,K6)+IF(L6="",0,COUNTIF(B6:B6,L6)))/1)) | P6: =IF(J6="함정","",IF(COUNTA(B6:F6)=0,"",(COUNTIF(B6:B6,K6)+IF(L6="",0,COUNTIF(B6:B6,L6)))/IF(L6="",1,2))) | Q6: =IF(J6="함정","",IF(COUNTA(B6:F6)=0,"",IF(O6+P6=0,0,2*O6*P6/(O6+P6)))) | R6: =IF(J6="함정","",IF(COUNTA(B6:F6)=0,"",(COUNTIF(B6:D6,K6)+IF(L6="",0,COUNTIF(B6:D6,L6)))/3)) | S6: =IF(J6="함정","",IF(COUNTA(B6:F6)=0,"",(COUNTIF(B6:D6,K6)+IF(L6="",0,COUNTIF(B6:D6,L6)))/IF(L6="",1,2))) | T6: =IF(J6="함정","",IF(COUNTA(B6:F6)=0,"",IF(R6+S6=0,0,2*R6*S6/(R6+S6)))) | U6: =IF(J6="함정","",IF(COUNTA(B6:F6)=0,"",(COUNTIF(B6:F6,K6)+IF(L6="",0,COUNTIF(B6:F6,L6)))/5)) | V6: =IF(J6="함정","",IF(COUNTA(B6:F6)=0,"",(COUNTIF(B6:F6,K6)+IF(L6="",0,COUNTIF(B6:F6,L6)))/IF(L6="",1,2))) | W6: =IF(J6="함정","",IF(COUNTA(B6:F6)=0,"",IF(U6+V6=0,0,2*U6*V6/(U6+V6))))
A7: Q06 | J7: =IFERROR(VLOOKUP($A7,eval!$A$2:$E$21,5,FALSE),"") -> 정상 | K7: =IFERROR(VLOOKUP($A7,eval!$A$2:$C$21,3,FALSE),"") -> KS-7 | L7: =IFERROR(IF(VLOOKUP($A7,eval!$A$2:$D$21,4,FALSE)="","",VLOOKUP($A7,eval!$A$2:$D$21,4,FALSE)),"") | M7: =IF(J7="함정","",IF(COUNTA(B7:D7)=0,"",IF(COUNTIF(B7:D7,K7)+IF(L7="",0,COUNTIF(B7:D7,L7))>0,1,0))) | N7: =IF(J7="함정","",IF(COUNTA(B7:F7)=0,"",MAX(IFERROR(1/MATCH(K7,B7:F7,0),0),IF(L7="",0,IFERROR(1/MATCH(L7,B7:F7,0),0))))) | O7: =IF(J7="함정","",IF(COUNTA(B7:F7)=0,"",(COUNTIF(B7:B7,K7)+IF(L7="",0,COUNTIF(B7:B7,L7)))/1)) | P7: =IF(J7="함정","",IF(COUNTA(B7:F7)=0,"",(COUNTIF(B7:B7,K7)+IF(L7="",0,COUNTIF(B7:B7,L7)))/IF(L7="",1,2))) | Q7: =IF(J7="함정","",IF(COUNTA(B7:F7)=0,"",IF(O7+P7=0,0,2*O7*P7/(O7+P7)))) | R7: =IF(J7="함정","",IF(COUNTA(B7:F7)=0,"",(COUNTIF(B7:D7,K7)+IF(L7="",0,COUNTIF(B7:D7,L7)))/3)) | S7: =IF(J7="함정","",IF(COUNTA(B7:F7)=0,"",(COUNTIF(B7:D7,K7)+IF(L7="",0,COUNTIF(B7:D7,L7)))/IF(L7="",1,2))) | T7: =IF(J7="함정","",IF(COUNTA(B7:F7)=0,"",IF(R7+S7=0,0,2*R7*S7/(R7+S7)))) | U7: =IF(J7="함정","",IF(COUNTA(B7:F7)=0,"",(COUNTIF(B7:F7,K7)+IF(L7="",0,COUNTIF(B7:F7,L7)))/5)) | V7: =IF(J7="함정","",IF(COUNTA(B7:F7)=0,"",(COUNTIF(B7:F7,K7)+IF(L7="",0,COUNTIF(B7:F7,L7)))/IF(L7="",1,2))) | W7: =IF(J7="함정","",IF(COUNTA(B7:F7)=0,"",IF(U7+V7=0,0,2*U7*V7/(U7+V7))))
A8: Q07 | J8: =IFERROR(VLOOKUP($A8,eval!$A$2:$E$21,5,FALSE),"") -> 충돌 | K8: =IFERROR(VLOOKUP($A8,eval!$A$2:$C$21,3,FALSE),"") -> HB-27 | L8: =IFERROR(IF(VLOOKUP($A8,eval!$A$2:$D$21,4,FALSE)="","",VLOOKUP($A8,eval!$A$2:$D$21,4,FALSE)),"") -> KS-7 | M8: =IF(J8="함정","",IF(COUNTA(B8:D8)=0,"",IF(COUNTIF(B8:D8,K8)+IF(L8="",0,COUNTIF(B8:D8,L8))>0,1,0))) | N8: =IF(J8="함정","",IF(COUNTA(B8:F8)=0,"",MAX(IFERROR(1/MATCH(K8,B8:F8,0),0),IF(L8="",0,IFERROR(1/MATCH(L8,B8:F8,0),0))))) | O8: =IF(J8="함정","",IF(COUNTA(B8:F8)=0,"",(COUNTIF(B8:B8,K8)+IF(L8="",0,COUNTIF(B8:B8,L8)))/1)) | P8: =IF(J8="함정","",IF(COUNTA(B8:F8)=0,"",(COUNTIF(B8:B8,K8)+IF(L8="",0,COUNTIF(B8:B8,L8)))/IF(L8="",1,2))) | Q8: =IF(J8="함정","",IF(COUNTA(B8:F8)=0,"",IF(O8+P8=0,0,2*O8*P8/(O8+P8)))) | R8: =IF(J8="함정","",IF(COUNTA(B8:F8)=0,"",(COUNTIF(B8:D8,K8)+IF(L8="",0,COUNTIF(B8:D8,L8)))/3)) | S8: =IF(J8="함정","",IF(COUNTA(B8:F8)=0,"",(COUNTIF(B8:D8,K8)+IF(L8="",0,COUNTIF(B8:D8,L8)))/IF(L8="",1,2))) | T8: =IF(J8="함정","",IF(COUNTA(B8:F8)=0,"",IF(R8+S8=0,0,2*R8*S8/(R8+S8)))) | U8: =IF(J8="함정","",IF(COUNTA(B8:F8)=0,"",(COUNTIF(B8:F8,K8)+IF(L8="",0,COUNTIF(B8:F8,L8)))/5)) | V8: =IF(J8="함정","",IF(COUNTA(B8:F8)=0,"",(COUNTIF(B8:F8,K8)+IF(L8="",0,COUNTIF(B8:F8,L8)))/IF(L8="",1,2))) | W8: =IF(J8="함정","",IF(COUNTA(B8:F8)=0,"",IF(U8+V8=0,0,2*U8*V8/(U8+V8))))
A9: Q08 | J9: =IFERROR(VLOOKUP($A9,eval!$A$2:$E$21,5,FALSE),"") -> 충돌 | K9: =IFERROR(VLOOKUP($A9,eval!$A$2:$C$21,3,FALSE),"") -> HB-21 | L9: =IFERROR(IF(VLOOKUP($A9,eval!$A$2:$D$21,4,FALSE)="","",VLOOKUP($A9,eval!$A$2:$D$21,4,FALSE)),"") -> KS-31 | M9: =IF(J9="함정","",IF(COUNTA(B9:D9)=0,"",IF(COUNTIF(B9:D9,K9)+IF(L9="",0,COUNTIF(B9:D9,L9))>0,1,0))) | N9: =IF(J9="함정","",IF(COUNTA(B9:F9)=0,"",MAX(IFERROR(1/MATCH(K9,B9:F9,0),0),IF(L9="",0,IFERROR(1/MATCH(L9,B9:F9,0),0))))) | O9: =IF(J9="함정","",IF(COUNTA(B9:F9)=0,"",(COUNTIF(B9:B9,K9)+IF(L9="",0,COUNTIF(B9:B9,L9)))/1)) | P9: =IF(J9="함정","",IF(COUNTA(B9:F9)=0,"",(COUNTIF(B9:B9,K9)+IF(L9="",0,COUNTIF(B9:B9,L9)))/IF(L9="",1,2))) | Q9: =IF(J9="함정","",IF(COUNTA(B9:F9)=0,"",IF(O9+P9=0,0,2*O9*P9/(O9+P9)))) | R9: =IF(J9="함정","",IF(COUNTA(B9:F9)=0,"",(COUNTIF(B9:D9,K9)+IF(L9="",0,COUNTIF(B9:D9,L9)))/3)) | S9: =IF(J9="함정","",IF(COUNTA(B9:F9)=0,"",(COUNTIF(B9:D9,K9)+IF(L9="",0,COUNTIF(B9:D9,L9)))/IF(L9="",1,2))) | T9: =IF(J9="함정","",IF(COUNTA(B9:F9)=0,"",IF(R9+S9=0,0,2*R9*S9/(R9+S9)))) | U9: =IF(J9="함정","",IF(COUNTA(B9:F9)=0,"",(COUNTIF(B9:F9,K9)+IF(L9="",0,COUNTIF(B9:F9,L9)))/5)) | V9: =IF(J9="함정","",IF(COUNTA(B9:F9)=0,"",(COUNTIF(B9:F9,K9)+IF(L9="",0,COUNTIF(B9:F9,L9)))/IF(L9="",1,2))) | W9: =IF(J9="함정","",IF(COUNTA(B9:F9)=0,"",IF(U9+V9=0,0,2*U9*V9/(U9+V9))))
A10: Q09 | J10: =IFERROR(VLOOKUP($A10,eval!$A$2:$E$21,5,FALSE),"") -> 정상 | K10: =IFERROR(VLOOKUP($A10,eval!$A$2:$C$21,3,FALSE),"") -> KS-7 | L10: =IFERROR(IF(VLOOKUP($A10,eval!$A$2:$D$21,4,FALSE)="","",VLOOKUP($A10,eval!$A$2:$D$21,4,FALSE)),"") -> HB-20 | M10: =IF(J10="함정","",IF(COUNTA(B10:D10)=0,"",IF(COUNTIF(B10:D10,K10)+IF(L10="",0,COUNTIF(B10:D10,L10))>0,1,0))) | N10: =IF(J10="함정","",IF(COUNTA(B10:F10)=0,"",MAX(IFERROR(1/MATCH(K10,B10:F10,0),0),IF(L10="",0,IFERROR(1/MATCH(L10,B10:F10,0),0))))) | O10: =IF(J10="함정","",IF(COUNTA(B10:F10)=0,"",(COUNTIF(B10:B10,K10)+IF(L10="",0,COUNTIF(B10:B10,L10)))/1)) | P10: =IF(J10="함정","",IF(COUNTA(B10:F10)=0,"",(COUNTIF(B10:B10,K10)+IF(L10="",0,COUNTIF(B10:B10,L10)))/IF(L10="",1,2))) | Q10: =IF(J10="함정","",IF(COUNTA(B10:F10)=0,"",IF(O10+P10=0,0,2*O10*P10/(O10+P10)))) | R10: =IF(J10="함정","",IF(COUNTA(B10:F10)=0,"",(COUNTIF(B10:D10,K10)+IF(L10="",0,COUNTIF(B10:D10,L10)))/3)) | S10: =IF(J10="함정","",IF(COUNTA(B10:F10)=0,"",(COUNTIF(B10:D10,K10)+IF(L10="",0,COUNTIF(B10:D10,L10)))/IF(L10="",1,2))) | T10: =IF(J10="함정","",IF(COUNTA(B10:F10)=0,"",IF(R10+S10=0,0,2*R10*S10/(R10+S10)))) | U10: =IF(J10="함정","",IF(COUNTA(B10:F10)=0,"",(COUNTIF(B10:F10,K10)+IF(L10="",0,COUNTIF(B10:F10,L10)))/5)) | V10: =IF(J10="함정","",IF(COUNTA(B10:F10)=0,"",(COUNTIF(B10:F10,K10)+IF(L10="",0,COUNTIF(B10:F10,L10)))/IF(L10="",1,2))) | W10: =IF(J10="함정","",IF(COUNTA(B10:F10)=0,"",IF(U10+V10=0,0,2*U10*V10/(U10+V10))))
A11: Q10 | J11: =IFERROR(VLOOKUP($A11,eval!$A$2:$E$21,5,FALSE),"") -> 정상 | K11: =IFERROR(VLOOKUP($A11,eval!$A$2:$C$21,3,FALSE),"") -> KS-22 | L11: =IFERROR(IF(VLOOKUP($A11,eval!$A$2:$D$21,4,FALSE)="","",VLOOKUP($A11,eval!$A$2:$D$21,4,FALSE)),"") | M11: =IF(J11="함정","",IF(COUNTA(B11:D11)=0,"",IF(COUNTIF(B11:D11,K11)+IF(L11="",0,COUNTIF(B11:D11,L11))>0,1,0))) | N11: =IF(J11="함정","",IF(COUNTA(B11:F11)=0,"",MAX(IFERROR(1/MATCH(K11,B11:F11,0),0),IF(L11="",0,IFERROR(1/MATCH(L11,B11:F11,0),0))))) | O11: =IF(J11="함정","",IF(COUNTA(B11:F11)=0,"",(COUNTIF(B11:B11,K11)+IF(L11="",0,COUNTIF(B11:B11,L11)))/1)) | P11: =IF(J11="함정","",IF(COUNTA(B11:F11)=0,"",(COUNTIF(B11:B11,K11)+IF(L11="",0,COUNTIF(B11:B11,L11)))/IF(L11="",1,2))) | Q11: =IF(J11="함정","",IF(COUNTA(B11:F11)=0,"",IF(O11+P11=0,0,2*O11*P11/(O11+P11)))) | R11: =IF(J11="함정","",IF(COUNTA(B11:F11)=0,"",(COUNTIF(B11:D11,K11)+IF(L11="",0,COUNTIF(B11:D11,L11)))/3)) | S11: =IF(J11="함정","",IF(COUNTA(B11:F11)=0,"",(COUNTIF(B11:D11,K11)+IF(L11="",0,COUNTIF(B11:D11,L11)))/IF(L11="",1,2))) | T11: =IF(J11="함정","",IF(COUNTA(B11:F11)=0,"",IF(R11+S11=0,0,2*R11*S11/(R11+S11)))) | U11: =IF(J11="함정","",IF(COUNTA(B11:F11)=0,"",(COUNTIF(B11:F11,K11)+IF(L11="",0,COUNTIF(B11:F11,L11)))/5)) | V11: =IF(J11="함정","",IF(COUNTA(B11:F11)=0,"",(COUNTIF(B11:F11,K11)+IF(L11="",0,COUNTIF(B11:F11,L11)))/IF(L11="",1,2))) | W11: =IF(J11="함정","",IF(COUNTA(B11:F11)=0,"",IF(U11+V11=0,0,2*U11*V11/(U11+V11))))
A12: Q11 | J12: =IFERROR(VLOOKUP($A12,eval!$A$2:$E$21,5,FALSE),"") -> 정상 | K12: =IFERROR(VLOOKUP($A12,eval!$A$2:$C$21,3,FALSE),"") -> KS-25 | L12: =IFERROR(IF(VLOOKUP($A12,eval!$A$2:$D$21,4,FALSE)="","",VLOOKUP($A12,eval!$A$2:$D$21,4,FALSE)),"") | M12: =IF(J12="함정","",IF(COUNTA(B12:D12)=0,"",IF(COUNTIF(B12:D12,K12)+IF(L12="",0,COUNTIF(B12:D12,L12))>0,1,0))) | N12: =IF(J12="함정","",IF(COUNTA(B12:F12)=0,"",MAX(IFERROR(1/MATCH(K12,B12:F12,0),0),IF(L12="",0,IFERROR(1/MATCH(L12,B12:F12,0),0))))) | O12: =IF(J12="함정","",IF(COUNTA(B12:F12)=0,"",(COUNTIF(B12:B12,K12)+IF(L12="",0,COUNTIF(B12:B12,L12)))/1)) | P12: =IF(J12="함정","",IF(COUNTA(B12:F12)=0,"",(COUNTIF(B12:B12,K12)+IF(L12="",0,COUNTIF(B12:B12,L12)))/IF(L12="",1,2))) | Q12: =IF(J12="함정","",IF(COUNTA(B12:F12)=0,"",IF(O12+P12=0,0,2*O12*P12/(O12+P12)))) | R12: =IF(J12="함정","",IF(COUNTA(B12:F12)=0,"",(COUNTIF(B12:D12,K12)+IF(L12="",0,COUNTIF(B12:D12,L12)))/3)) | S12: =IF(J12="함정","",IF(COUNTA(B12:F12)=0,"",(COUNTIF(B12:D12,K12)+IF(L12="",0,COUNTIF(B12:D12,L12)))/IF(L12="",1,2))) | T12: =IF(J12="함정","",IF(COUNTA(B12:F12)=0,"",IF(R12+S12=0,0,2*R12*S12/(R12+S12)))) | U12: =IF(J12="함정","",IF(COUNTA(B12:F12)=0,"",(COUNTIF(B12:F12,K12)+IF(L12="",0,COUNTIF(B12:F12,L12)))/5)) | V12: =IF(J12="함정","",IF(COUNTA(B12:F12)=0,"",(COUNTIF(B12:F12,K12)+IF(L12="",0,COUNTIF(B12:F12,L12)))/IF(L12="",1,2))) | W12: =IF(J12="함정","",IF(COUNTA(B12:F12)=0,"",IF(U12+V12=0,0,2*U12*V12/(U12+V12))))
A13: Q12 | J13: =IFERROR(VLOOKUP($A13,eval!$A$2:$E$21,5,FALSE),"") -> 정상 | K13: =IFERROR(VLOOKUP($A13,eval!$A$2:$C$21,3,FALSE),"") -> KS-22의2 | L13: =IFERROR(IF(VLOOKUP($A13,eval!$A$2:$D$21,4,FALSE)="","",VLOOKUP($A13,eval!$A$2:$D$21,4,FALSE)),"") | M13: =IF(J13="함정","",IF(COUNTA(B13:D13)=0,"",IF(COUNTIF(B13:D13,K13)+IF(L13="",0,COUNTIF(B13:D13,L13))>0,1,0))) | N13: =IF(J13="함정","",IF(COUNTA(B13:F13)=0,"",MAX(IFERROR(1/MATCH(K13,B13:F13,0),0),IF(L13="",0,IFERROR(1/MATCH(L13,B13:F13,0),0))))) | O13: =IF(J13="함정","",IF(COUNTA(B13:F13)=0,"",(COUNTIF(B13:B13,K13)+IF(L13="",0,COUNTIF(B13:B13,L13)))/1)) | P13: =IF(J13="함정","",IF(COUNTA(B13:F13)=0,"",(COUNTIF(B13:B13,K13)+IF(L13="",0,COUNTIF(B13:B13,L13)))/IF(L13="",1,2))) | Q13: =IF(J13="함정","",IF(COUNTA(B13:F13)=0,"",IF(O13+P13=0,0,2*O13*P13/(O13+P13)))) | R13: =IF(J13="함정","",IF(COUNTA(B13:F13)=0,"",(COUNTIF(B13:D13,K13)+IF(L13="",0,COUNTIF(B13:D13,L13)))/3)) | S13: =IF(J13="함정","",IF(COUNTA(B13:F13)=0,"",(COUNTIF(B13:D13,K13)+IF(L13="",0,COUNTIF(B13:D13,L13)))/IF(L13="",1,2))) | T13: =IF(J13="함정","",IF(COUNTA(B13:F13)=0,"",IF(R13+S13=0,0,2*R13*S13/(R13+S13)))) | U13: =IF(J13="함정","",IF(COUNTA(B13:F13)=0,"",(COUNTIF(B13:F13,K13)+IF(L13="",0,COUNTIF(B13:F13,L13)))/5)) | V13: =IF(J13="함정","",IF(COUNTA(B13:F13)=0,"",(COUNTIF(B13:F13,K13)+IF(L13="",0,COUNTIF(B13:F13,L13)))/IF(L13="",1,2))) | W13: =IF(J13="함정","",IF(COUNTA(B13:F13)=0,"",IF(U13+V13=0,0,2*U13*V13/(U13+V13))))
... A21: Q20 | J21: =IFERROR(VLOOKUP($A21,eval!$A$2:$E$21,5,FALSE),"") -> 함정 | K21: =IFERROR(VLOOKUP($A21,eval!$A$2:$C$21,3,FALSE),"") | L21: =IFERROR(IF(VLOOKUP($A21,eval!$A$2:$D$21,4,FALSE)="","",VLOOKUP($A21,eval!$A$2:$D$21,4,FALSE)),"") | M21: =IF(J21="함정","",IF(COUNTA(B21:D21)=0,"",IF(COUNTIF(B21:D21,K21)+IF(L21="",0,COUNTIF(B21:D21,L21))>0,1,0))) | N21: =IF(J21="함정","",IF(COUNTA(B21:F21)=0,"",MAX(IFERROR(1/MATCH(K21,B21:F21,0),0),IF(L21="",0,IFERROR(1/MATCH(L21,B21:F21,0),0))))) | O21: =IF(J21="함정","",IF(COUNTA(B21:F21)=0,"",(COUNTIF(B21:B21,K21)+IF(L21="",0,COUNTIF(B21:B21,L21)))/1)) | P21: =IF(J21="함정","",IF(COUNTA(B21:F21)=0,"",(COUNTIF(B21:B21,K21)+IF(L21="",0,COUNTIF(B21:B21,L21)))/IF(L21="",1,2))) | Q21: =IF(J21="함정","",IF(COUNTA(B21:F21)=0,"",IF(O21+P21=0,0,2*O21*P21/(O21+P21)))) | R21: =IF(J21="함정","",IF(COUNTA(B21:F21)=0,"",(COUNTIF(B21:D21,K21)+IF(L21="",0,COUNTIF(B21:D21,L21)))/3)) | S21: =IF(J21="함정","",IF(COUNTA(B21:F21)=0,"",(COUNTIF(B21:D21,K21)+IF(L21="",0,COUNTIF(B21:D21,L21)))/IF(L21="",1,2))) | T21: =IF(J21="함정","",IF(COUNTA(B21:F21)=0,"",IF(R21+S21=0,0,2*R21*S21/(R21+S21)))) | U21: =IF(J21="함정","",IF(COUNTA(B21:F21)=0,"",(COUNTIF(B21:F21,K21)+IF(L21="",0,COUNTIF(B21:F21,L21)))/5)) | V21: =IF(J21="함정","",IF(COUNTA(B21:F21)=0,"",(COUNTIF(B21:F21,K21)+IF(L21="",0,COUNTIF(B21:F21,L21)))/IF(L21="",1,2))) | W21: =IF(J21="함정","",IF(COUNTA(B21:F21)=0,"",IF(U21+V21=0,0,2*U21*V21/(U21+V21))))

Sheet summary
A1: 지표 | B1: Dify(🟢 순위 입력) | C1: Dify(🔵 r1~r5) | D1: Gemini Notebook | E1: 앱 TF-IDF(run_app) | F1: 정의
A2: Hit@3 | B2: =IFERROR(AVERAGEIF(eval!$E$2:$E$21,"<>함정",eval!$G$2:$G$21),"") | C2: =IFERROR(AVERAGEIF(eval!$E$2:$E$21,"<>함정",eval!$N$2:$N$21),"") | D2: — | E2: =IFERROR(AVERAGEIF(run_app!$J$2:$J$21,"<>함정",run_app!$M$2:$M$21),"") | F2: 상위 3개 안에 정답 조항이 있는 문항 비율(함정 제외)
A3: MRR | B3: =IFERROR(AVERAGEIF(eval!$E$2:$E$21,"<>함정",eval!$H$2:$H$21),"") | C3: =IFERROR(AVERAGEIF(eval!$E$2:$E$21,"<>함정",eval!$O$2:$O$21),"") | D3: — | E3: =IFERROR(AVERAGEIF(run_app!$J$2:$J$21,"<>함정",run_app!$N$2:$N$21),"") | F3: 첫 정답 순위의 역수 평균(함정 제외)
A4: 정답률 | B4: =IFERROR(AVERAGEIF(eval!$E$2:$E$21,"<>함정",eval!$P$2:$P$21),"") | C4: — | D4: =IFERROR(AVERAGEIF(eval!$E$2:$E$21,"<>함정",eval!$S$2:$S$21),"") | E4: — | F4: answer_ok 평균(함정 제외, 사람 채점)
A5: 인용 정확도 | B5: =IFERROR(AVERAGEIF(eval!$E$2:$E$21,"<>함정",eval!$Q$2:$Q$21),"") | C5: — | D5: =IFERROR(AVERAGEIF(eval!$E$2:$E$21,"<>함정",eval!$T$2:$T$21),"") | E5: — | F5: cite_ok 평균(함정 제외)
A6: 기권 정확도 | B6: =IFERROR(AVERAGEIF(eval!$E$2:$E$21,"함정",eval!$R$2:$R$21),"") | C6: — | D6: =IFERROR(AVERAGEIF(eval!$E$2:$E$21,"함정",eval!$U$2:$U$21),"") | E6: =IFERROR(COUNTIFS(run_app!$J$2:$J$21,"함정",run_app!$G$2:$G$21,"Y")/COUNTIF(run_app!$J$2:$J$21,"함정"),"") | F6: 함정 2문항에서 기권한 비율
A7: 오기권(건) | B7: — | C7: — | D7: — | E7: =COUNTIFS(run_app!$J$2:$J$21,"<>함정",run_app!$G$2:$G$21,"Y") | F7: 정상·충돌 문항인데 기권한 건수(앱)
A8: 충돌 탐지율 | B8: =IFERROR(AVERAGEIF(eval!$E$2:$E$21,"충돌",eval!$P$2:$P$21),"") | C8: — | D8: =IFERROR(AVERAGEIF(eval!$E$2:$E$21,"충돌",eval!$S$2:$S$21),"") | E8: — | F8: 충돌 2문항에서 두 조항 인용 + 충돌 표시(answer_ok)
A9: 입력 진행 | B9: =COUNT(eval!$F$2:$F$21) | C9: =COUNTA(eval!$I$2:$I$21) | D9: =COUNT(eval!$S$2:$S$21) | E9: =COUNTA(run_app!$B$2:$B$21) | F9: 입력한 문항 수(20이면 완료)
A10: P@1 | B10: — | C10: =IFERROR(AVERAGEIF(eval!$E$2:$E$21,"<>함정",eval!$V$2:$V$21),"") | D10: — | E10: =IFERROR(AVERAGEIF(run_app!$J$2:$J$21,"<>함정",run_app!$O$2:$O$21),"") | F10: 맞힌 조항 수 ÷ K(함정 제외 평균)
A11: R@1 | B11: — | C11: =IFERROR(AVERAGEIF(eval!$E$2:$E$21,"<>함정",eval!$W$2:$W$21),"") | D11: — | E11: =IFERROR(AVERAGEIF(run_app!$J$2:$J$21,"<>함정",run_app!$P$2:$P$21),"") | F11: 맞힌 조항 수 ÷ 정답 조항 수(함정 제외 평균)
A12: F1@1 | B12: — | C12: =IFERROR(AVERAGEIF(eval!$E$2:$E$21,"<>함정",eval!$X$2:$X$21),"") | D12: — | E12: =IFERROR(AVERAGEIF(run_app!$J$2:$J$21,"<>함정",run_app!$Q$2:$Q$21),"") | F12: 2 × P × R ÷ (P + R) — 계획서의 '조화평균'(함정 제외 평균)
A13: P@3 | B13: — | C13: =IFERROR(AVERAGEIF(eval!$E$2:$E$21,"<>함정",eval!$Y$2:$Y$21),"") | D13: — | E13: =IFERROR(AVERAGEIF(run_app!$J$2:$J$21,"<>함정",run_app!$R$2:$R$21),"") | F13: 맞힌 조항 수 ÷ K(함정 제외 평균)
A14: R@3 | B14: — | C14: =IFERROR(AVERAGEIF(eval!$E$2:$E$21,"<>함정",eval!$Z$2:$Z$21),"") | D14: — | E14: =IFERROR(AVERAGEIF(run_app!$J$2:$J$21,"<>함정",run_app!$S$2:$S$21),"") | F14: 맞힌 조항 수 ÷ 정답 조항 수(함정 제외 평균)
A15: F1@3 | B15: — | C15: =IFERROR(AVERAGEIF(eval!$E$2:$E$21,"<>함정",eval!$AA$2:$AA$21),"") | D15: — | E15: =IFERROR(AVERAGEIF(run_app!$J$2:$J$21,"<>함정",run_app!$T$2:$T$21),"") | F15: 2 × P × R ÷ (P + R) — 계획서의 '조화평균'(함정 제외 평균)
A16: P@5 | B16: — | C16: =IFERROR(AVERAGEIF(eval!$E$2:$E$21,"<>함정",eval!$AB$2:$AB$21),"") | D16: — | E16: =IFERROR(AVERAGEIF(run_app!$J$2:$J$21,"<>함정",run_app!$U$2:$U$21),"") | F16: 맞힌 조항 수 ÷ K(함정 제외 평균)
A17: R@5 | B17: — | C17: =IFERROR(AVERAGEIF(eval!$E$2:$E$21,"<>함정",eval!$AC$2:$AC$21),"") | D17: — | E17: =IFERROR(AVERAGEIF(run_app!$J$2:$J$21,"<>함정",run_app!$V$2:$V$21),"") | F17: 맞힌 조항 수 ÷ 정답 조항 수(함정 제외 평균)
A18: F1@5 | B18: — | C18: =IFERROR(AVERAGEIF(eval!$E$2:$E$21,"<>함정",eval!$AD$2:$AD$21),"") | D18: — | E18: =IFERROR(AVERAGEIF(run_app!$J$2:$J$21,"<>함정",run_app!$W$2:$W$21),"") | F18: 2 × P × R ÷ (P + R) — 계획서의 '조화평균'(함정 제외 평균)
A19: F1 최고 K | B19: — | C19: =IF(COUNT(C12,C15,C18)=0,"",IF(MAX(C12,C15,C18)=C12,1,IF(MAX(C12,C15,C18)=C15,3,5))) | D19: — | E19: =IF(COUNT(E12,E15,E18)=0,"",IF(MAX(E12,E15,E18)=E12,1,IF(MAX(E12,E15,E18)=E15,3,5))) | F19: F1@1·F1@3·F1@5 중 가장 높은 K = Top-K 선택(같으면 작은 K)
A22: Top-K 요약 — Dify(🔵 r1~r5) (K = 1·3·5, 함정 제외 평균)
A23: K | B23: P@K | C23: R@K | D23: F1@K | E23: Top-K
A24: 1 | B24: =C10 | C24: =C11 | D24: =C12 | E24: =IF(AND(ISNUMBER($C$19),$C$19=A24),"◀ Top-K","")
A25: 3 | B25: =C13 | C25: =C14 | D25: =C15 | E25: =IF(AND(ISNUMBER($C$19),$C$19=A25),"◀ Top-K","")
A26: 5 | B26: =C16 | C26: =C17 | D26: =C18 | E26: =IF(AND(ISNUMBER($C$19),$C$19=A26),"◀ Top-K","")
A27: 선택 K | D27: =C19 | E27: ← F1이 가장 높은 K. 고른 K와 이유 1줄을 제출물에 쓴다
A29: Top-K 요약 — 앱 TF-IDF(run_app) (K = 1·3·5, 함정 제외 평균)
A30: K | B30: P@K | C30: R@K | D30: F1@K | E30: Top-K
A31: 1 | B31: =E10 | C31: =E11 | D31: =E12 | E31: =IF(AND(ISNUMBER($E$19),$E$19=A31),"◀ Top-K","")
A32: 3 | B32: =E13 | C32: =E14 | D32: =E15 | E32: =IF(AND(ISNUMBER($E$19),$E$19=A32),"◀ Top-K","")
A33: 5 | B33: =E16 | C33: =E17 | D33: =E18 | E33: =IF(AND(ISNUMBER($E$19),$E$19=A33),"◀ Top-K","")
A34: 선택 K | D34: =E19 | E34: ← 같은 질문을 앱 TF-IDF에 던진 기준선
