Workbook
Name t: '기준'!$B$3

Sheet 00_사용법
A1: 3일차 Step 6 — S/A/B/C 등급 매칭 시트
A3: ■ 규칙(C부터 검사) — C: pd_30d ≥ t · B: ≥ t/2 · A: ≥ t/4 · 나머지 S
A4: t = 블록 A Step 4에서 비용 5:1로 정한 임계값(Calibration Plot 세로선). 등급은 회사 내부 관리 등급이며 K-SURE 공식 등급이 아니다.
A5: ■ 순서
A6: ① 기준 시트의 노란 칸(이름 t)에 내 t를 넣는다 — 경계값 t/4 · t/2 · t가 저절로 계산된다.
A7: ② d3_predictions.xlsx에서 buyer_id 열을 pred 시트 A열에, 연체 확률 열(이름 끝이 '(1)')을 C열 pd_30d에 '값 붙여넣기' 한다(2행부터, 150행).
A8: ③ grade · ref_date · threshold_used · model_version · approval 열은 수식이 미리 들어 있다 — 정렬 · 필터 · 조건부 서식(C 빨강 · B 주황)은 직접 해 본다.
A9: grade가 #NAME?이면(IFS가 없는 엑셀 2016 이하) D2에 =IF(C2>=t,"C",IF(C2>=t/2,"B",IF(C2>=t/4,"A","S"))) 를 넣고 아래로 채운다(뜻이 같다).
A10: ④ 기준 시트의 등급 분포를 d3_work의 03_등급에 옮긴다.
A11: ⑤ 단조성: 시험셋 확률(d3_test_pred.xlsx)의 buyer_id · 확률 · late_30d를 단조성 시트 A–C열에 붙인다 → 등급별 실제 연체율이 S < B < C 순서인지 본다(A는 행이 적어 흔들릴 수 있다).
A12: ⑥ csv_6열 시트를 연 채 파일 → 다른 이름으로 저장 → CSV UTF-8(쉼표로 분리) → d3_end_scored__T조-번호.csv (첫 줄 buyer_id,ref_date,pd_30d,grade,threshold_used,model_version · 151줄).
A13: ■ 등급 → 결제조건 [교육용 가정]
... A16: 예측 대상 150곳은 학습 파일에 있던 바이어라 확률이 낙관적일 수 있다 — 모델 성능은 블록 A Test and Score(시험셋) 숫자로만 말한다.

Sheet pred
A1: buyer_id | B1: ref_date | C1: pd_30d | D1: grade | E1: threshold_used | F1: model_version | G1: approval
B2: =IF(A2="","",DATE(2026,9,30)) | D2: =IF(OR(C2="",t=""),"",_xlfn.IFS(C2>=t,"C",C2>=t/2,"B",C2>=t/4,"A",TRUE,"S")) | E2: =IF(OR(A2="",t=""),"",t) | F2: =IF(A2="","","orange_xgb_sigmoid") | G2: =IF(D2="C","승인 필요","")
B3: =IF(A3="","",DATE(2026,9,30)) | D3: =IF(OR(C3="",t=""),"",_xlfn.IFS(C3>=t,"C",C3>=t/2,"B",C3>=t/4,"A",TRUE,"S")) | E3: =IF(OR(A3="",t=""),"",t) | F3: =IF(A3="","","orange_xgb_sigmoid") | G3: =IF(D3="C","승인 필요","")
B4: =IF(A4="","",DATE(2026,9,30)) | D4: =IF(OR(C4="",t=""),"",_xlfn.IFS(C4>=t,"C",C4>=t/2,"B",C4>=t/4,"A",TRUE,"S")) | E4: =IF(OR(A4="",t=""),"",t) | F4: =IF(A4="","","orange_xgb_sigmoid") | G4: =IF(D4="C","승인 필요","")
B5: =IF(A5="","",DATE(2026,9,30)) | D5: =IF(OR(C5="",t=""),"",_xlfn.IFS(C5>=t,"C",C5>=t/2,"B",C5>=t/4,"A",TRUE,"S")) | E5: =IF(OR(A5="",t=""),"",t) | F5: =IF(A5="","","orange_xgb_sigmoid") | G5: =IF(D5="C","승인 필요","")
B6: =IF(A6="","",DATE(2026,9,30)) | D6: =IF(OR(C6="",t=""),"",_xlfn.IFS(C6>=t,"C",C6>=t/2,"B",C6>=t/4,"A",TRUE,"S")) | E6: =IF(OR(A6="",t=""),"",t) | F6: =IF(A6="","","orange_xgb_sigmoid") | G6: =IF(D6="C","승인 필요","")
B7: =IF(A7="","",DATE(2026,9,30)) | D7: =IF(OR(C7="",t=""),"",_xlfn.IFS(C7>=t,"C",C7>=t/2,"B",C7>=t/4,"A",TRUE,"S")) | E7: =IF(OR(A7="",t=""),"",t) | F7: =IF(A7="","","orange_xgb_sigmoid") | G7: =IF(D7="C","승인 필요","")
B8: =IF(A8="","",DATE(2026,9,30)) | D8: =IF(OR(C8="",t=""),"",_xlfn.IFS(C8>=t,"C",C8>=t/2,"B",C8>=t/4,"A",TRUE,"S")) | E8: =IF(OR(A8="",t=""),"",t) | F8: =IF(A8="","","orange_xgb_sigmoid") | G8: =IF(D8="C","승인 필요","")
B9: =IF(A9="","",DATE(2026,9,30)) | D9: =IF(OR(C9="",t=""),"",_xlfn.IFS(C9>=t,"C",C9>=t/2,"B",C9>=t/4,"A",TRUE,"S")) | E9: =IF(OR(A9="",t=""),"",t) | F9: =IF(A9="","","orange_xgb_sigmoid") | G9: =IF(D9="C","승인 필요","")
B10: =IF(A10="","",DATE(2026,9,30)) | D10: =IF(OR(C10="",t=""),"",_xlfn.IFS(C10>=t,"C",C10>=t/2,"B",C10>=t/4,"A",TRUE,"S")) | E10: =IF(OR(A10="",t=""),"",t) | F10: =IF(A10="","","orange_xgb_sigmoid") | G10: =IF(D10="C","승인 필요","")
B11: =IF(A11="","",DATE(2026,9,30)) | D11: =IF(OR(C11="",t=""),"",_xlfn.IFS(C11>=t,"C",C11>=t/2,"B",C11>=t/4,"A",TRUE,"S")) | E11: =IF(OR(A11="",t=""),"",t) | F11: =IF(A11="","","orange_xgb_sigmoid") | G11: =IF(D11="C","승인 필요","")
B12: =IF(A12="","",DATE(2026,9,30)) | D12: =IF(OR(C12="",t=""),"",_xlfn.IFS(C12>=t,"C",C12>=t/2,"B",C12>=t/4,"A",TRUE,"S")) | E12: =IF(OR(A12="",t=""),"",t) | F12: =IF(A12="","","orange_xgb_sigmoid") | G12: =IF(D12="C","승인 필요","")
B13: =IF(A13="","",DATE(2026,9,30)) | D13: =IF(OR(C13="",t=""),"",_xlfn.IFS(C13>=t,"C",C13>=t/2,"B",C13>=t/4,"A",TRUE,"S")) | E13: =IF(OR(A13="",t=""),"",t) | F13: =IF(A13="","","orange_xgb_sigmoid") | G13: =IF(D13="C","승인 필요","")
... B151: =IF(A151="","",DATE(2026,9,30)) | D151: =IF(OR(C151="",t=""),"",_xlfn.IFS(C151>=t,"C",C151>=t/2,"B",C151>=t/4,"A",TRUE,"S")) | E151: =IF(OR(A151="",t=""),"",t) | F151: =IF(A151="","","orange_xgb_sigmoid") | G151: =IF(D151="C","승인 필요","")

Sheet 기준
A1: 임계값 t와 등급 경계
A3: t (블록 A Step 4) | C3: ← 노란 칸에 내 t(예: Calibration Plot에서 읽은 값)를 넣는다
A5: 등급 | B5: 조건 | C5: 경계값 | D5: 뜻 | E5: 결제조건 [교육용 가정]
A6: C | B6: pd_30d ≥ t | C6: =IF(t="","",t) | D6: 30일 내 연체 예상 | E6: 선수금 · L/C만(신규 O/A 금지)
A7: B | B7: t/2 ≤ pd_30d < t | C7: =IF(t="","",t/2) | D7: 관찰 | E7: 결제기간 단축 · 부보 검토
A8: A | B8: t/4 ≤ pd_30d < t/2 | C8: =IF(t="","",t/4) | D8: 낮음 | E8: O/A 유지
A9: S | B9: pd_30d < t/4 | D9: 매우 낮음 | E9: O/A 유지
A11: 등급 | B11: 바이어 수 | C11: 비율
A12: S | B12: =COUNTIF(pred!$D$2:$D$151,"S") | C12: =IF($B$16=0,"",B12/$B$16)
A13: A | B13: =COUNTIF(pred!$D$2:$D$151,"A") | C13: =IF($B$16=0,"",B13/$B$16)
A14: B | B14: =COUNTIF(pred!$D$2:$D$151,"B") | C14: =IF($B$16=0,"",B14/$B$16)
A15: C | B15: =COUNTIF(pred!$D$2:$D$151,"C") | C15: =IF($B$16=0,"",B15/$B$16)
A16: 합계 | B16: =SUM(B12:B15)

Sheet 단조성
A1: buyer_id | B1: pd_30d | C1: late_30d | D1: grade | F1: 등급 | G1: 행 수 | H1: 연체 수 | I1: 실제 연체율
D2: =IF(OR(B2="",t=""),"",_xlfn.IFS(B2>=t,"C",B2>=t/2,"B",B2>=t/4,"A",TRUE,"S")) | F2: S | G2: =COUNTIF($D$2:$D$1201,"S") | H2: =COUNTIFS($D$2:$D$1201,"S",$C$2:$C$1201,1) | I2: =IF(G2=0,"",H2/G2)
D3: =IF(OR(B3="",t=""),"",_xlfn.IFS(B3>=t,"C",B3>=t/2,"B",B3>=t/4,"A",TRUE,"S")) | F3: A | G3: =COUNTIF($D$2:$D$1201,"A") | H3: =COUNTIFS($D$2:$D$1201,"A",$C$2:$C$1201,1) | I3: =IF(G3=0,"",H3/G3)
D4: =IF(OR(B4="",t=""),"",_xlfn.IFS(B4>=t,"C",B4>=t/2,"B",B4>=t/4,"A",TRUE,"S")) | F4: B | G4: =COUNTIF($D$2:$D$1201,"B") | H4: =COUNTIFS($D$2:$D$1201,"B",$C$2:$C$1201,1) | I4: =IF(G4=0,"",H4/G4)
D5: =IF(OR(B5="",t=""),"",_xlfn.IFS(B5>=t,"C",B5>=t/2,"B",B5>=t/4,"A",TRUE,"S")) | F5: C | G5: =COUNTIF($D$2:$D$1201,"C") | H5: =COUNTIFS($D$2:$D$1201,"C",$C$2:$C$1201,1) | I5: =IF(G5=0,"",H5/G5)
D6: =IF(OR(B6="",t=""),"",_xlfn.IFS(B6>=t,"C",B6>=t/2,"B",B6>=t/4,"A",TRUE,"S"))
D7: =IF(OR(B7="",t=""),"",_xlfn.IFS(B7>=t,"C",B7>=t/2,"B",B7>=t/4,"A",TRUE,"S")) | F7: 단조성 | G7: =IF(OR(G2=0,G5=0),"",IF(AND(I2<=I5,OR(G4=0,AND(I2<=I4,I4<=I5))),"S ≤ B ≤ C — 순서대로 오른다","순서가 뒤집혔다 — t와 수식 순서를 다시 본다"))
D8: =IF(OR(B8="",t=""),"",_xlfn.IFS(B8>=t,"C",B8>=t/2,"B",B8>=t/4,"A",TRUE,"S"))
D9: =IF(OR(B9="",t=""),"",_xlfn.IFS(B9>=t,"C",B9>=t/2,"B",B9>=t/4,"A",TRUE,"S")) | F9: 붙여넣기: A buyer_id · B 연체 확률(이름 끝 '(1)') · C late_30d(정답) — d3_test_pred.xlsx(시험셋)에서. A는 행이 적어 흔들릴 수 있다.
D10: =IF(OR(B10="",t=""),"",_xlfn.IFS(B10>=t,"C",B10>=t/2,"B",B10>=t/4,"A",TRUE,"S"))
D11: =IF(OR(B11="",t=""),"",_xlfn.IFS(B11>=t,"C",B11>=t/2,"B",B11>=t/4,"A",TRUE,"S"))
D12: =IF(OR(B12="",t=""),"",_xlfn.IFS(B12>=t,"C",B12>=t/2,"B",B12>=t/4,"A",TRUE,"S"))
D13: =IF(OR(B13="",t=""),"",_xlfn.IFS(B13>=t,"C",B13>=t/2,"B",B13>=t/4,"A",TRUE,"S"))
D14: =IF(OR(B14="",t=""),"",_xlfn.IFS(B14>=t,"C",B14>=t/2,"B",B14>=t/4,"A",TRUE,"S"))
D15: =IF(OR(B15="",t=""),"",_xlfn.IFS(B15>=t,"C",B15>=t/2,"B",B15>=t/4,"A",TRUE,"S"))
D16: =IF(OR(B16="",t=""),"",_xlfn.IFS(B16>=t,"C",B16>=t/2,"B",B16>=t/4,"A",TRUE,"S"))
D17: =IF(OR(B17="",t=""),"",_xlfn.IFS(B17>=t,"C",B17>=t/2,"B",B17>=t/4,"A",TRUE,"S"))
D18: =IF(OR(B18="",t=""),"",_xlfn.IFS(B18>=t,"C",B18>=t/2,"B",B18>=t/4,"A",TRUE,"S"))
D19: =IF(OR(B19="",t=""),"",_xlfn.IFS(B19>=t,"C",B19>=t/2,"B",B19>=t/4,"A",TRUE,"S"))
D20: =IF(OR(B20="",t=""),"",_xlfn.IFS(B20>=t,"C",B20>=t/2,"B",B20>=t/4,"A",TRUE,"S"))
D21: =IF(OR(B21="",t=""),"",_xlfn.IFS(B21>=t,"C",B21>=t/2,"B",B21>=t/4,"A",TRUE,"S"))
... D1201: =IF(OR(B1201="",t=""),"",_xlfn.IFS(B1201>=t,"C",B1201>=t/2,"B",B1201>=t/4,"A",TRUE,"S"))

Sheet csv_6열
A1: buyer_id | B1: ref_date | C1: pd_30d | D1: grade | E1: threshold_used | F1: model_version
A2: =IF(pred!$A2="","",pred!A2) | B2: =IF(pred!$A2="","",pred!B2) | C2: =IF(pred!$A2="","",pred!C2) | D2: =IF(pred!$A2="","",pred!D2) | E2: =IF(pred!$A2="","",pred!E2) | F2: =IF(pred!$A2="","",pred!F2)
A3: =IF(pred!$A3="","",pred!A3) | B3: =IF(pred!$A3="","",pred!B3) | C3: =IF(pred!$A3="","",pred!C3) | D3: =IF(pred!$A3="","",pred!D3) | E3: =IF(pred!$A3="","",pred!E3) | F3: =IF(pred!$A3="","",pred!F3)
A4: =IF(pred!$A4="","",pred!A4) | B4: =IF(pred!$A4="","",pred!B4) | C4: =IF(pred!$A4="","",pred!C4) | D4: =IF(pred!$A4="","",pred!D4) | E4: =IF(pred!$A4="","",pred!E4) | F4: =IF(pred!$A4="","",pred!F4)
A5: =IF(pred!$A5="","",pred!A5) | B5: =IF(pred!$A5="","",pred!B5) | C5: =IF(pred!$A5="","",pred!C5) | D5: =IF(pred!$A5="","",pred!D5) | E5: =IF(pred!$A5="","",pred!E5) | F5: =IF(pred!$A5="","",pred!F5)
A6: =IF(pred!$A6="","",pred!A6) | B6: =IF(pred!$A6="","",pred!B6) | C6: =IF(pred!$A6="","",pred!C6) | D6: =IF(pred!$A6="","",pred!D6) | E6: =IF(pred!$A6="","",pred!E6) | F6: =IF(pred!$A6="","",pred!F6)
A7: =IF(pred!$A7="","",pred!A7) | B7: =IF(pred!$A7="","",pred!B7) | C7: =IF(pred!$A7="","",pred!C7) | D7: =IF(pred!$A7="","",pred!D7) | E7: =IF(pred!$A7="","",pred!E7) | F7: =IF(pred!$A7="","",pred!F7)
A8: =IF(pred!$A8="","",pred!A8) | B8: =IF(pred!$A8="","",pred!B8) | C8: =IF(pred!$A8="","",pred!C8) | D8: =IF(pred!$A8="","",pred!D8) | E8: =IF(pred!$A8="","",pred!E8) | F8: =IF(pred!$A8="","",pred!F8)
A9: =IF(pred!$A9="","",pred!A9) | B9: =IF(pred!$A9="","",pred!B9) | C9: =IF(pred!$A9="","",pred!C9) | D9: =IF(pred!$A9="","",pred!D9) | E9: =IF(pred!$A9="","",pred!E9) | F9: =IF(pred!$A9="","",pred!F9)
A10: =IF(pred!$A10="","",pred!A10) | B10: =IF(pred!$A10="","",pred!B10) | C10: =IF(pred!$A10="","",pred!C10) | D10: =IF(pred!$A10="","",pred!D10) | E10: =IF(pred!$A10="","",pred!E10) | F10: =IF(pred!$A10="","",pred!F10)
A11: =IF(pred!$A11="","",pred!A11) | B11: =IF(pred!$A11="","",pred!B11) | C11: =IF(pred!$A11="","",pred!C11) | D11: =IF(pred!$A11="","",pred!D11) | E11: =IF(pred!$A11="","",pred!E11) | F11: =IF(pred!$A11="","",pred!F11)
A12: =IF(pred!$A12="","",pred!A12) | B12: =IF(pred!$A12="","",pred!B12) | C12: =IF(pred!$A12="","",pred!C12) | D12: =IF(pred!$A12="","",pred!D12) | E12: =IF(pred!$A12="","",pred!E12) | F12: =IF(pred!$A12="","",pred!F12)
A13: =IF(pred!$A13="","",pred!A13) | B13: =IF(pred!$A13="","",pred!B13) | C13: =IF(pred!$A13="","",pred!C13) | D13: =IF(pred!$A13="","",pred!D13) | E13: =IF(pred!$A13="","",pred!E13) | F13: =IF(pred!$A13="","",pred!F13)
... A151: =IF(pred!$A151="","",pred!A151) | B151: =IF(pred!$A151="","",pred!B151) | C151: =IF(pred!$A151="","",pred!C151) | D151: =IF(pred!$A151="","",pred!D151) | E151: =IF(pred!$A151="","",pred!E151) | F151: =IF(pred!$A151="","",pred!F151)
