Workbook

Sheet 요약
A1: 2026년 9월말 미수금 현황 — 지역별 요약 (단위: 천원)
A4: 지역 | B4: 건수 | C4: 원화(천원) | D4: 비고
A5: 아시아 | B5: =COUNTIF('아시아'!E5:E177,"INV*") -> 160 | C5: ='아시아'!H177 -> 5322816 | D5: 각 시트 합계 줄 기준
A6: 유럽·미주 | B6: =COUNTIF('유럽·미주'!E5:E122,"INV*") -> 109 | C6: ='유럽·미주'!H122 -> 3916852 | D6: 각 시트 합계 줄 기준
A7: 중동·아프리카 | B7: =COUNTIF('중동·아프리카'!E5:E42,"INV*") -> 33 | C7: ='중동·아프리카'!H42 -> 850645 | D7: 각 시트 합계 줄 기준
A8: 합계 | B8: =SUM(B5:B7) -> 302 | C8: =SUM(C5:C7) -> 10090313
A10: ※ 기준일 2026-09-30 · 영업팀 취합본(시트별 담당자가 직접 입력)

Sheet 아시아
A1: 2026년 9월말 미수금 현황 (단위: 천원)
A3: 담당 | B3: 바이어 | C3: 국가 | D3: 결제조건 | E3: 인보이스 번호 | F3: 선적일 | G3: 만기일 | H3: 금액 | K3: 메모
H4: 원화(천원) | I4: 외화 | J4: 통화
A5: 영업1팀 A | B5: Davura Kogyo Co., Ltd. | C5: Japan | D5: O/A 90 | E5: INV-2607-0164 | F5: 46230 | G5: 46320 | H5: 9897 | I5: 1104000 | J5: JPY
A6: 영업1팀 A | B6: Davura Kogyo Co., Ltd. | C6: Japan | D6: 사후송금 90일 | E6: INV-2608-0003 | F6: 26.8.1 | G6: 46325 | H6: 23896 | I6: 2647000 | J6: JPY
A7: 영업1팀 A | B7: Davura Kogyo Co., Ltd. | C7: Japan | D7: O/A 90일 | E7: INV-2608-0004 | F7: 46235 | G7: 46325 | H7: 16710 | I7: 1851000 | J7: JPY
A8: 영업1팀 A | B8: Davura Kogyo Co., Ltd. | C8: Japan | D8: O/A 90 | E8: INV-2608-0027 | F8: 46241 | G8: 11월 5일 | H8: 131614 | I8: 14706000 | J8: JPY
A9: 영업1팀 A | B9: Davura Kogyo Co., Ltd. | C9: Japan | D9: OA 90 DAYS | E9: INV-2608-0028 | F9: 8월 7일 | G9: 46331 | H9: 7,679 | I9: 858000 | J9: JPY
A10: 영업1팀 A | B10: Davura Kogyo Co., Ltd. | C10: Japan | D10: O/A 90일 | E10: INV-2608-0103 | F10: 46256 | G10: 46346 | H10: 12768 | I10: 1465000 | J10: JPY | K10: 9/25 통화, 10월 초 송금 약속
A11: 영업1팀 A | B11: Davura Kogyo Co., Ltd. | C11: Japan | D11: OA90days | E11: INV-2608-0112 | F11: 46257 | G11: 26.11.21 | H11: 40092 | I11: 4600000 | J11: JPY
A12: 영업1팀 A | B12: Davura Kogyo Co., Ltd. | C12: Japan | D12: OA 90 DAYS | E12: INV-2608-0118 | F12: 46258 | G12: 26.11.22 | H12: 7204 | I12: 829000 | J12: JPY
A13: 영업1팀 A | B13: Davura Kogyo Co., Ltd. | C13: Japan | D13: 사후송금 90일 | E13: INV-2609-0041 | F13: 46272 | G13: 46362 | H13: 28343 | I13: 3286000 | J13: JPY
A14: 영업1팀 A | B14: Davura Kogyo Co., Ltd. | C14: Japan | D14: OA90days | E14: INV-2609-0050 | F14: 9월 9일 | G14: 46364 | H14: 15100 | I14: 1730000 | J14: JPY | K14: 품질 클레임 협의 중
A15: 영업1팀 A | B15: Davura Kogyo Co., Ltd. | C15: Japan | D15: O/A 90 | E15: INV-2609-0069 | F15: 46278 | G15: 46368 | H15: 12931 | I15: 1483000 | J15: JPY
A16: 영업1팀 A | B16: Davura Kogyo Co., Ltd. | C16: Japan | D16: OA 90 DAYS | E16: INV-2609-0093 | F16: 46283 | G16: 12월 17일 | H16: 8246 | I16: 932000 | J16: JPY
A17: 영업1팀 A | B17: PT Sarida Sarana Industri | C17: Indonesia | D17: OA 30 DAYS | E17: INV-2606-0101 | F17: 46195 | G17: 46225 | H17: 7166 | I17: 4660 | J17: USD
A18: 영업1팀 A | B18: PT Sarida Sarana Industri | C18: Indonesia | D18: O/A 30 | E18: INV-2607-0035 | F18: 26.7.7 | G18: 46240 | H18: 2120 | I18: 1400 | J18: usd
A19: 영업1팀 A | B19: PT Sarida Sarana Industri | C19: Indonesia | D19: OA 30 DAYS | E19: INV-2609-0008 | F19: 46267 | G19: 46297 | H19: 14934 | I19: 10990 | J19: USD
A20: 영업1팀 A | B20: PT Sarida Sarana Industri | C20: Indonesia | D20: OA30days | E20: INV-2609-0054 | F20: 46275 | G20: 46305 | H20: 8101 | I20: 6020 | J20: US$
A21: 영업1팀 A | B21: PT Sarida Sarana Industri | C21: Indonesia | D21: OA30days | E21: INV-2609-0120 | F21: 46288 | G21: 46318 | H21: 25385 | I21: 18570 | J21: USD
A22: 영업1팀 A | B22: Pelant Automation Co., Ltd. | C22: Taiwan | D22: D/A 90 | E22: INV-2608-0002 | F22: 46235 | G22: 46325 | H22: 11035 | I22: 7680 | J22: USD
A23: 영업1팀 A 소계 | H23: =SUM(H5:H22) -> 375542
A25: 영업1팀 B | B25: Galost Automation Ltd. | C25: India | D25: DA90days | E25: INV-2607-0026 | F25: 26.7.5 | G25: 26.10.3 | H25: 20148 | I25: 13100 | J25: USD
A26: 영업1팀 B | B26: Galost Automation Ltd. | C26: India | D26: DA90days | E26: INV-2608-0030 | F26: 26.8.7 | G26: 26.11.5 | H26: 13705 | I26: 9720 | J26: USD
A27: 영업1팀 B | B27: Galost Automation Ltd. | C27: India | D27: OA30days | E27: INV-2608-0101 | F27: 46255 | G27: 26.9.20 | H27: 30346 | I27: 21910 | J27: USD
A28: 영업1팀 B | B28: Galost Automation Ltd. | C28: India | D28: D/A 90 | E28: INV-2609-0122 | F28: 26.9.23 | G28: 26.12.22 | H28: 5536 | I28: 4050 | J28: USD
A29: 영업1팀 B | B29: Nelera Kogyo Co., Ltd. | C29: Japan | D29: OA 60 DAYS | E29: INV-2608-0035 | F29: 26.8.8 | G29: 26.10.7 | H29: 8690 | I29: 971000 | J29: JPY
A30: 영업1팀 B | B30: Nelera Kogyo Co., Ltd. | C30: Japan | D30: O/A 60일 | E30: INV-2609-0139 | F30: 26.9.26 | G30: 26.11.25 | H30: 50435 | I30: 5844000 | J30: JPY
A31: 영업1팀 B | B31: Oroora Sangyo K.K. | C31: Japan | D31: OA60days | E31: INV-2608-0109 | F31: 46256 | G31: 26.10.21 | H31: 11932 | I31: 1369000 | J31: JPY
A32: 영업1팀 B | B32: Oroora Sangyo K.K. | C32: Japan | D32: O/A 60 | E32: INV-2609-0066 | F32: 26.9.12 | G32: 26.11.11 | H32: 3802 | I32: 436000 | J32: JPY
A33: 영업1팀 B | B33: PT Quineon Instrumen Nusantara | C33: Indonesia | D33: O/A 60일 | E33: INV-2608-0023 | F33: 26.8.5 | G33: 26.10.4 | H33: 11435 | I33: 8030 | J33: USD
A34: 영업1팀 B | B34: PT Quineon Instrumen Nusantara | C34: Indonesia | D34: OA60days | E34: INV-2609-0085 | F34: 26.9.15 | G34: 26.11.14 | H34: 4508 | I34: 3310 | J34: USD
A35: 영업1팀 B | B35: PT Quineon Instrumen Nusantara | C35: Indonesia | D35: O/A 60일 | E35: INV-2609-0134 | F35: 26.9.25 | G35: 26.11.24 | H35: 9726 | I35: 7170 | J35: USD
A36: 영업1팀 B | B36: PT Quineon Instrumen Nusantara | C36: Indonesia | D36: O/A 60일 | E36: INV-2609-0148 | F36: 26.9.27 | G36: 26.11.26 | H36: 1980505 | I36: 1460 | J36: USD
A37: 영업1팀 B | B37: Ralora Kogyo K.K. | C37: Japan | D37: OA90days | E37: INV-2607-0011 | F37: 26.7.3 | G37: 26.10.1 | H37: 11499 | I37: 1203000 | J37: JPY
A38: 영업1팀 B | B38: Ralora Kogyo K.K. | C38: Japan | D38: O/A 90일 | E38: INV-2607-0104 | F38: 26.7.18 | G38: 46311 | H38: 1962 | I38: 214000 | J38: JPY
A39: 영업1팀 B | B39: Rinella Distribution Co., Ltd. | C39: Taiwan | D39: 사후송금 60일 | E39: INV-2609-0109 | F39: 26.9.21 | G39: 26.11.20 | H39: 24472 | I39: 17800 | J39: USD
A40: 영업1팀 B | B40: Velova Keisoku K.K. | C40: Japan | D40: D/A 60 | E40: INV-2609-0027 | F40: 26.9.4 | G40: 26.11.3 | H40: 17760 | I40: 2059000 | J40: JPY
A41: 영업1팀 B | B41: Xiamen Rinant Engineering Co., Ltd. | C41: China | D41: 사후송금 60일 | E41: INV-2608-0033 | F41: 26.8.8 | G41: 26.10.7 | H41: 81348 | I41: 389300 | J41: CNY
A42: 영업1팀 B | B42: Xiamen Rinant Engineering Co., Ltd. | C42: China | D42: OA 60 DAYS | E42: INV-2608-0071 | F42: 26.8.16 | G42: 26.10.15 | H42: 7930 | I42: 37800 | J42: CNY
A43: 영업1팀 B | B43: Xiamen Rinant Engineering Co., Ltd. | C43: China | D43: O/A 60 | E43: INV-2609-0078 | F43: 46280 | G43: 11월 14일 | H43: 22565 | I43: 111200 | J43: CNY
A44: 영업1팀 B | B44: Zenano Shoji K.K. | C44: Japan | D44: OA60days | E44: INV-2608-0058 | F44: 26.8.13 | G44: 26.10.12 | H44: 11195 | I44: 1258000 | J44: JPY
A45: 영업1팀 B | B45: Zenano Shoji K.K. | C45: Japan | D45: OA60days | E45: INV-2608-0069 | F45: 26.8.15 | G45: 26.10.14 | H45: 16159 | I45: 1819000 | J45: JPY
A46: 영업1팀 B | B46: Zenano Shoji K.K. | C46: Japan | D46: O/A 60일 | E46: INV-2608-0091 | F46: 26.8.19 | G46: 26.10.18 | H46: 5266 | I46: 601000 | J46: JPY
A47: 영업1팀 B | B47: Zenyn Outlets Ltd. | C47: India | D47: O/A 30 | E47: INV-2609-0018 | F47: 26.9.3 | G47: 26.10.3 | H47: 18671 | I47: 13760 | J47: USD
A48: 영업1팀 B | B48: Zenyn Outlets Ltd. | C48: India | D48: OA 30 DAYS | E48: INV-2609-0056 | F48: 26.9.10 | G48: 26.10.10 | H48: 39454 | I48: 29320 | J48: USD
A49: 영업1팀 B | B49: Zenyn Outlets Ltd. | C49: India | D49: 사후송금 30일 | E49: INV-2609-0064 | F49: 26.9.12 | G49: 26.10.12 | H49: 32623 | I49: 24340 | J49: USD
A50: 영업1팀 B | B50: Zenyn Outlets Ltd. | C50: India | D50: O/A 30일 | E50: INV-2609-0107 | F50: 26.9.20 | G50: 10월 20일 | H50: 9397 | I50: 6770 | J50: USD
A51: 영업1팀 B 소계 | H51: =SUM(H25:H50) -> 2451069
A53: 영업1팀 C | B53: Dongguan Wenura Automation Co., Ltd. | C53: China | D53: O/A 60 | E53: INV-2609-0116 | F53: 46286 | G53: 11월 20일 | H53: 23657 | I53: 115200 | J53: CNY
A54: 영업1팀 C | B54: Falia Home & Lab Stores (Thailand) Co., Ltd. | C54: Thailand | D54: D/A 60 | E54: INV-2507-0065 | F54: 45854 | G54: 45914 | H54: 29555 | I54: 21250 | J54: USD | K54: 부도 — 법무팀 검토 중
A55: 영업1팀 C | B55: Falia Home & Lab Stores (Thailand) Co., Ltd. | C55: Thailand | D55: D/A 60일 | E55: INV-2507-0073 | F55: 45856 | G55: 45916 | H55: 12916 | I55: 9290 | J55: USD | K55: 바이어 부도 통보 접수
A56: 영업1팀 C | B56: Falia Home & Lab Stores (Thailand) Co., Ltd. | C56: Thailand | D56: DA60days | E56: INV-2509-0005 | F56: 45901 | G56: 45961 | H56: 4141 | I56: 2980 | J56: USD | K56: 부도 처리 — 회수 협의 중
A57: 영업1팀 C | B57: Kervuvar Retail Co., Ltd. | C57: Taiwan | D57: D/A 90 | E57: INV-2607-0010 | F57: 46206 | G57: 46296 | H57: 6614 | I57: 4300 | J57: USD
A58: 영업1팀 C | B58: Kervuvar Retail Co., Ltd. | C58: Taiwan | D58: D/A 90일 | E58: INV-2607-0130 | F58: 46224 | G58: 46314 | H58: 11853 | I58: 8010 | J58: USD
A59: 영업1팀 C | B59: Kervuvar Retail Co., Ltd. | C59: Taiwan | D59: D/A 90 | E59: INV-2608-0056 | F59: 46246 | G59: 46336 | H59: 26910 | I59: 19000 | J59: USD
A60: 영업1팀 C | B60: Kervuvar Retail Co., Ltd. | C60: Taiwan | D60: D/A 90 | E60: INV-2609-0020 | F60: 46268 | G60: 46358 | H60: 1574 | I60: 1160 | J60: USD
A61: 영업1팀 C | B61: Lorida Shoji K.K. | C61: Japan | D61: OA60days | E61: INV-2608-0080 | F61: 46251 | G61: 46311 | H61: 27921 | I61: 3149000 | J61: JPY
A62: 영업1팀 C | B62: PT Morora Teknik Indonesia | C62: Indonesia | D62: D/A 90 | E62: INV-2607-0037 | F62: 46211 | G62: 46301 | H62: 17439 | I62: 11540 | J62: USD
A63: 영업1팀 C | B63: PT Morora Teknik Indonesia | C63: Indonesia | D63: D/A 90 | E63: INV-2607-0142 | F63: 46226 | G63: 46316 | H63: 9,218 | I63: 6250 | J63: USD
A64: 영업1팀 C | B64: PT Morora Teknik Indonesia | C64: Indonesia | D64: DA90days | E64: INV-2607-0168 | F64: 46231 | G64: 46321 | H64: 6714 | I64: 4620 | J64: USD
A65: 영업1팀 C | B65: Shenzhen Gulvresko Contracting Co., Ltd. | C65: China | D65: OA90days | E65: INV-2607-0167 | F65: 26.7.27 | G65: 46320 | H65: 7744 | I65: 35700 | J65: CNY
A66: 영업1팀 C | B66: Shenzhen Gulvresko Contracting Co., Ltd. | C66: China | D66: O/A 90 | E66: INV-2609-0022 | F66: 46268 | G66: 46358 | H66: 4868 | I66: 24100 | J66: CNY
A67: 영업1팀 C | B67: Shenzhen Velari Machinery Co., Ltd. | C67: China | D67: OA 30 DAYS | E67: INV-2609-0021 | F67: 46268 | G67: 46298 | H67: 17707 | I67: 13050 | J67: USD
A68: 영업1팀 C | B68: Tesvirel Keisoku K.K. | C68: Japan | D68: 사후송금 60일 | E68: INV-2608-0060 | F68: 46248 | G68: 46308 | H68: 16514 | I68: 1859000 | J68: JPY
A69: 영업1팀 C | B69: Tesvirel Keisoku K.K. | C69: Japan | D69: O/A 60일 | E69: INV-2608-0081 | F69: 46251 | G69: 46311 | H69: 5506 | I69: 621000 | J69: JPY
A70: 영업1팀 C | B70: Tesvirel Keisoku K.K. | C70: Japan | D70: 사후송금 60일 | E70: INV-2609-0082 | F70: 46280 | G70: 46340 | H70: 23583 | I70: 2686000 | J70: JPY
A71: 영업1팀 C | B71: Tesvirel Keisoku K.K. | C71: Japan | D71: O/A 60 | E71: INV-2609-0133 | F71: 46290 | G71: 11월 24일 | H71: 11901 | I71: 1379000 | J71: JPY
A72: 영업1팀 C | B72: Xanolin Distribution Co., Ltd. | C72: Vietnam | D72: OA 90 DAYS | E72: INV-2606-0085 | F72: 46192 | G72: 46282 | H72: 32538 | I72: 21120 | J72: usd
A73: 영업1팀 C | B73: Xanolin Distribution Co., Ltd. | C73: Vietnam | D73: 사후송금 90일 | E73: INV-2607-0014 | F73: 46207 | G73: 46297 | H73: 35529 | I73: 23100 | J73: USD
A74: 영업1팀 C | B74: Xanolin Distribution Co., Ltd. | C74: Vietnam | D74: O/A 90일 | E74: INV-2607-0043 | F74: 46212 | G74: 46302 | H74: 13775 | I74: 9130 | J74: USD
A75: 영업1팀 C | B75: Xanolin Distribution Co., Ltd. | C75: Vietnam | D75: O/A 90 | E75: INV-2607-0085 | F75: 46219 | G75: 46309 | H75: 56246 | I75: 38050 | J75: USD
A76: 영업1팀 C | B76: Xanolin Distribution Co., Ltd. | C76: Vietnam | D76: 사후송금 90일 | E76: INV-2607-0133 | F76: 46225 | G76: 46315 | H76: 19432 | I76: 13160 | J76: USD
A77: 영업1팀 C | B77: Xanolin Distribution Co., Ltd. | C77: Vietnam | D77: O/A 90 | E77: INV-2608-0066 | F77: 46249 | G77: 46339 | H77: 10961 | I77: 7750 | J77: USD | K77: 8/28 약속했으나 미입금
A78: 영업1팀 C | B78: Xanolin Distribution Co., Ltd. | C78: Vietnam | D78: O/A 90 | E78: INV-2609-0102 | F78: 46285 | G78: 46375 | H78: 316582 | I78: 228090 | J78: USD
A79: 영업1팀 C | B79: Xanolin Distribution Co., Ltd. | C79: Vietnam | D79: O/A 90일 | E79: INV-2609-0150 | F79: 46293 | G79: 46383 | H79: 9713 | I79: 7160 | J79: USD
A80: 영업1팀 C 소계 | H80: =SUM(H53:H79) -> 751893
A82: 영업1팀 D | B82: Changzhou Bexum Environmental Services Co., Ltd. | C82: China | D82: OA 90 DAYS | E82: INV-2608-0133 | F82: 8월 27일 | G82: 11월 25일 | H82: 31901 | I82: 155200 | J82: CNY | K82: 선적 지연으로 결제 연기 요청
A83: 영업1팀 D | B83: Changzhou Bexum Environmental Services Co., Ltd. | C83: China | D83: O/A 90 | E83: INV-2609-0144 | F83: 9월 27일 | G83: 12월 26일 | H83: 2709 | I83: 13400 | J83: CNY
A84: 영업1팀 D | B84: Changzhou Wenant Engineering Co., Ltd. | C84: China | D84: OA30days | E84: INV-2606-0003 | F84: 6월 2일 | G84: 7월 2일 | H84: 13232 | I84: 8720 | J84: USD | K84: 부도 — 법무팀 검토 중
A85: 영업1팀 D | B85: Changzhou Wenant Engineering Co., Ltd. | C85: China | D85: O/A 30 | E85: INV-2607-0074 | F85: 7월 14일 | G85: 8월 13일 | H85: 23561 | I85: 15810 | J85: USD | K85: 부도 — 법무팀 검토 중
A86: 영업1팀 D | B86: Hefei Belum Machinery Co., Ltd. | C86: China | D86: O/A 90일 | E86: INV-2607-0171 | F86: 7월 29일 | G86: 10월 27일 | H86: 13263 | I86: 9170 | J86: USD | K86: B/L 사본 대기
A87: 영업1팀 D | B87: Hefei Belum Machinery Co., Ltd. | C87: China | D87: O/A 90 | E87: INV-2609-0033 | F87: 9월 6일 | G87: 12월 5일 | H87: 1212 | I87: 900 | J87: USD
A88: 영업1팀 D | B88: Korora Manufacturing Co., Ltd. | C88: Vietnam | D88: O/A 90 | E88: INV-2608-0046 | F88: 8월 10일 | G88: 11월 8일 | H88: 13169 | I88: 9290 | J88: USD
A89: 영업1팀 D | B89: Korora Manufacturing Co., Ltd. | C89: Viet Nam | D89: O/A 90 | E89: INV-2608-0124 | F89: 8월 25일 | G89: 11월 23일 | H89: 5175 | I89: 3740 | J89: USD
A90: 영업1팀 D | B90: Loreth Environmental Services Ltd. | C90: India | D90: L/C 기한부 90일 | E90: INV-2607-0089 | F90: 7월 17일 | G90: 10월 15일 | H90: 22863 | I90: 15350 | J90: USD
A91: 영업1팀 D | B91: Loreth Environmental Services Ltd. | C91: India | D91: L/C 기한부 90일 | E91: INV-2608-0034 | F91: 8월 8일 | G91: 11월 6일 | H91: 2735 | I91: 1940 | J91: USD
A92: 영업1팀 D | B92: Loreth Environmental Services Ltd. | C92: India | D92: LC Usance 90 | E92: INV-2608-0038 | F92: 8월 9일 | G92: 11월 7일 | H92: 22954 | I92: 16280 | J92: USD
A93: 영업1팀 D | B93: Loreth Environmental Services Ltd. | C93: India | D93: L/C 기한부 90일 | E93: INV-2608-0131 | F93: 8월 27일 | G93: 11월 25일 | H93: 4613 | I93: 3340 | J93: USD
A94: 영업1팀 D | B94: Loreth Environmental Services Ltd. | C94: India | D94: L/C 기한부 90일 | E94: INV-2608-0150 | F94: 8월 31일 | G94: 11월 29일 | H94: 5979 | I94: 4370 | J94: USD
A95: 영업1팀 D | B95: Loreth Environmental Services Ltd. | C95: India | D95: L/C 기한부 90일 | E95: INV-2609-0117 | F95: 9월 22일 | G95: 12월 21일 | H95: 10791 | I95: 7940 | J95: USD
A96: 영업1팀 D | B96: Shenzhen Quinida Contracting Co., Ltd. | C96: China | D96: D/A 60 | E96: INV-2609-0115 | F96: 9월 21일 | G96: 11월 20일 | H96: 15998 | I96: 77900 | J96: CNY
A97: 영업1팀 D | B97: Tevella Automation Co., Ltd. | C97: Viet Nam | D97: D/P 일람불 | E97: INV-2609-0125 | F97: 9월 23일 | G97: 10월 8일 | H97: 5,646 | I97: 4130 | J97: USD
A98: 영업1팀 D | B98: Tevella Automation Co., Ltd. | C98: Vietnam | D98: D/P at sight | E98: INV-2609-0143 | F98: 9월 26일 | G98: 10월 6일 | H98: 103108 | I98: 76010 | J98: USD | K98: B/L 사본 대기
A99: 영업1팀 D | B99: Yorura Outlets Corp. | C99: Taiwan | D99: 선수금 30% + 잔금 70% (선적 후 30일) | E99: INV-2607-0179 | F99: 7월 30일 | G99: 8월 29일 | H99: 71288 | I99: 50060 | J99: USD
A100: 영업1팀 D | B100: Yorura Outlets Corp. | C100: Taiwan | D100: TT 30/70 | E100: INV-2608-0011 | F100: 8월 2일 | G100: 9월 1일 | H100: 12385 | I100: 8620 | J100: USD
A101: 영업1팀 D | B101: Yorura Outlets Corp. | C101: Taiwan | D101: T/T 30% 선수 70% 선적후 | E101: INV-2608-0036 | F101: 8월 8일 | G101: 9월 7일 | H101: 6246 | I101: 4430 | J101: USD
A102: 영업1팀 D | B102: Yorura Outlets Corp. | C102: Taiwan | D102: TT 30/70 | E102: INV-2608-0039 | F102: 8월 9일 | G102: 46273 | H102: 8319 | I102: 5900 | J102: USD
A103: 영업1팀 D | B103: Yorura Outlets Corp. | C103: Taiwan | D103: T/T 30% 선수 70% 선적후 | E103: INV-2608-0073 | F103: 8월 16일 | G103: 9월 15일 | H103: 9660 | I103: 6830 | J103: USD
A104: 영업1팀 D | B104: Yorura Outlets Corp. | C104: Taiwan | D104: T/T 30% 선수 70% 선적후 | E104: INV-2608-0082 | F104: 8월 17일 | G104: 9월 16일 | H104: 14213 | I104: 10060 | J104: USD
...

Sheet 유럽·미주
A1: 2026년 9월말 미수금 현황 (단위: 천원)
A3: 담당 | B3: 바이어 | C3: 국가 | D3: 결제조건 | E3: 인보이스 번호 | F3: 선적일 | G3: 만기일 | H3: 금액 | K3: 메모
H4: 원화(천원) | I4: 외화 | J4: 통화
A5: 영업2팀 A | B5: Calova Automation Inc. | C5: United States | D5: 사후송금 60일 | E5: INV-2609-0114 | F5: 46286 | G5: 46346 | H5: 10380 | I5: 7550 | J5: USD
A6: 영업2팀 A | B6: Camolin Instrumentación S.A. de C.V. | C6: Mexico | D6: O/A 60일 | E6: INV-2605-0106 | F6: 46161 | G6: 7월 18일 | H6: 47925 | I6: 31770 | J6: USD
A7: 영업2팀 A | B7: Camolin Instrumentación S.A. de C.V. | C7: Mexico | D7: 사후송금 60일 | E7: INV-2605-0135 | F7: 46167 | G7: 46227 | H7: 9741 | I7: 6420 | J7: US$
A8: 영업2팀 A | B8: Camolin Instrumentación S.A. de C.V. | C8: Mexico | D8: O/A 60 | E8: INV-2607-0093 | F8: 46220 | G8: 46280 | H8: 40855 | I8: 27430 | J8: USD
A9: 영업2팀 A | B9: Camolin Instrumentación S.A. de C.V. | C9: Mexico | D9: OA60days | E9: INV-2609-0037 | F9: 46271 | G9: 46331 | H9: 46131 | I9: 34260 | J9: USD
A10: 영업2팀 A | B10: Corari Industrie B.V. | C10: Netherlands | D10: OA 30 DAYS | E10: INV-2609-0014 | F10: 26.9.3 | G10: 46298 | H10: 3501 | I10: 2220 | J10: EUR
A11: 영업2팀 A | B11: Davix Industrietechnik AG | C11: Germany | D11: 사후송금 60일 | E11: INV-2608-0098 | F11: 46255 | G11: 46315 | H11: 29857 | I11: 18450 | J11: EUR
A12: 영업2팀 A | B12: Davix Industrietechnik AG | C12: Germany | D12: O/A 60일 | E12: INV-2609-0006 | F12: 46267 | G12: 46327 | H12: 11467 | I12: 7280 | J12: EUR | K12: 독촉 메일 9/20 발송, 회신 대기
A13: 영업2팀 A | B13: Davix Industrietechnik AG | C13: Germany | D13: OA60days | E13: INV-2609-0105 | F13: 46285 | G13: 46345 | H13: 72907 | I13: 45820 | J13: EUR
A14: 영업2팀 A | B14: Dorova Trading Corp. | C14: United States | D14: 사후송금 90일 | E14: INV-2608-0097 | F14: 46254 | G14: 46344 | H14: 17570 | I14: 12610 | J14: USD
A15: 영업2팀 A | B15: Dorova Trading Corp. | C15: USA | D15: 사후송금 90일 | E15: INV-2609-0084 | F15: 46280 | G15: 46370 | H15: 15539 | I15: 11410 | J15: USD
A16: 영업2팀 A | B16: Halano Handelsgesellschaft GmbH | C16: Germany | D16: O/A 30 | E16: INV-2609-0011 | F16: 46267 | G16: 46297 | H16: 13373 | I16: 8490 | J16: EUR
A17: 영업2팀 A | B17: Korolin Instruments LLC | C17: United States | D17: OA60days | E17: INV-2608-0049 | F17: 46245 | G17: 46305 | H17: 4606 | I17: 3260 | J17: USD
A18: 영업2팀 A | B18: Korolin Instruments LLC | C18: United States | D18: OA 60 DAYS | E18: INV-2608-0141 | F18: 46263 | G18: 46323 | H18: 54597 | I18: 39580 | J18: USD
A19: 영업2팀 A | B19: Korolin Instruments LLC | C19: United States | D19: 사후송금 60일 | E19: INV-2608-0145 | F19: 46264 | G19: 46324 | H19: 17836 | I19: 12930 | J19: USD
A20: 영업2팀 A | B20: Korolin Instruments LLC | C20: United States | D20: 사후송금 60일 | E20: INV-2609-0071 | F20: 46278 | G20: 46338 | H20: 16968 | I20: 12660 | J20: USD
A21: 영업2팀 A | B21: Korolin Instruments LLC | C21: United States | D21: 사후송금 60일 | E21: INV-2609-0152 | F21: 46293 | G21: 46353 | H21: 2618 | I21: 1930 | J21: USD
A22: 영업2팀 A | B22: Quinari Instruments Inc. | C22: United States | D22: OA 90 DAYS | E22: INV-2607-0156 | F22: 46229 | G22: 46319 | H22: 11204 | I22: 7670 | J22: USD
A23: 영업2팀 A | B23: Quinari Instruments Inc. | C23: United States | D23: 사후송금 90일 | E23: INV-2608-0093 | F23: 46254 | G23: 46344 | H23: 38958 | I23: 27960 | J23: USD
A24: 영업2팀 A | B24: Quinari Instruments Inc. | C24: United States | D24: OA90days | E24: INV-2608-0127 | F24: 46260 | G24: 46350 | H24: 20446 | I24: 14750 | J24: USD
A25: 영업2팀 A | B25: Ralora Kogyo K.K. | C25: Japan | D25: OA 90 DAYS | E25: INV-2607-0104 | F25: 46221 | G25: 26.10.16 | H25: 1962 | I25: 214000 | J25: JPY
A26: 영업2팀 A | B26: Sarant Ingeniería S.A. de C.V. | C26: Mexico | D26: 사후송금 60일 | E26: INV-2607-0165 | F26: 46230 | G26: 46290 | H26: 14954 | I26: 10190 | J26: USD
A27: 영업2팀 A | B27: Tarolin Przemysł Sp. z o.o. | C27: Poland | D27: OA 60 DAYS | E27: INV-2608-0151 | F27: 46265 | G27: 46325 | H27: 11731 | I27: 7380 | J27: EUR
A28: 영업2팀 A | B28: Tovera Messtechnik GmbH | C28: Germany | D28: O/A 60일 | E28: INV-2605-0022 | F28: 26.5.4 | G28: 46206 | H28: 10170 | I28: 5890 | J28: EUR
A29: 영업2팀 A | B29: Varant Handelsgesellschaft AG | C29: Germany | D29: D/A 90일 | E29: INV-2609-0039 | F29: 26.9.6 | G29: 46361 | H29: 12265 | I29: 7840 | J29: EUR
A30: 영업2팀 A | B30: Varant Handelsgesellschaft AG | C30: Germany | D30: D/A 90 | E30: INV-2609-0101 | F30: 26.9.19 | G30: 46374 | H30: 47,560 | I30: 29890 | J30: EUR
A31: 영업2팀 A 소계 | H31: =SUM(H5:H30) -> 537561
A33: 영업2팀 B | B33: Briella Manufacturing plc | C33: United Kingdom | D33: 사후송금 90일 | E33: INV-2607-0079 | F33: 7월 14일 | G33: 10월 12일 | H33: 7690 | I33: 5160 | J33: USD
A34: 영업2팀 B | B34: Briella Manufacturing plc | C34: United Kingdom | D34: OA 90 DAYS | E34: INV-2607-0148 | F34: 26.7.23 | G34: 10월 21일 | H34: 10398 | I34: 7050 | J34: USD
A35: 영업2팀 B | B35: Briella Manufacturing plc | C35: United Kingdom | D35: OA90days | E35: INV-2608-0006 | F35: 8월 1일 | G35: 10월 30일 | H35: 10561 | I35: 7350 | J35: USD
A36: 영업2팀 B | B36: Briella Manufacturing plc | C36: UK | D36: O/A 90일 | E36: INV-2608-0016 | F36: 8월 3일 | G36: 46327 | H36: 40712 | I36: 28460 | J36: USD
A37: 영업2팀 B | B37: Briella Manufacturing plc | C37: United Kingdom | D37: OA90days | E37: INV-2608-0075 | F37: 8월 16일 | G37: 11월 14일 | H37: 42146 | I37: 29800 | J37: USD
A38: 영업2팀 B | B38: Briella Manufacturing plc | C38: United Kingdom | D38: OA 90 DAYS | E38: INV-2609-0028 | F38: 9월 4일 | G38: 12월 3일 | H38: 6113 | I38: 4540 | J38: USD
A39: 영업2팀 B | B39: Halera Instruments Ltd | C39: UK | D39: O/A 60 | E39: INV-2609-0142 | F39: 9월 26일 | G39: 11월 25일 | H39: 2157 | I39: 1590 | J39: USD
A40: 영업2팀 B | B40: Korari Handel Sp. z o.o. | C40: Poland | D40: 사후송금 90일 | E40: INV-2608-0061 | F40: 8월 14일 | G40: 11월 12일 | H40: 5995 | I40: 3660 | J40: EUR
A41: 영업2팀 B | B41: Korari Handel Sp. z o.o. | C41: Poland | D41: 사후송금 90일 | E41: INV-2608-0095 | F41: 8월 20일 | G41: 26.11.18 | H41: 25565 | I41: 15710 | J41: EUR
A42: 영업2팀 B | B42: Korari Handel Sp. z o.o. | C42: Poland | D42: O/A 90일 | E42: INV-2608-0128 | F42: 8월 26일 | G42: 11월 24일 | H42: 1502 | I42: 930 | J42: EUR
A43: 영업2팀 B | B43: Korari Handel Sp. z o.o. | C43: Poland | D43: OA 90 DAYS | E43: INV-2609-0121 | F43: 9월 23일 | G43: 12월 22일 | H43: 5903 | I43: 3790 | J43: EUR
A44: 영업2팀 B | B44: Korari Handel Sp. z o.o. | C44: Poland | D44: O/A 90 | E44: INV-2609-0140 | F44: 9월 26일 | G44: 12월 25일 | H44: 16856 | I44: 10900 | J44: EUR
A45: 영업2팀 B | B45: Oroasta Handelsgesellschaft AG | C45: Germany | D45: O/A 90일 | E45: INV-2607-0137 | F45: 7월 22일 | G45: 10월 20일 | H45: 60254 | I45: 35750 | J45: EUR
A46: 영업2팀 B | B46: Oroasta Handelsgesellschaft AG | C46: Germany | D46: O/A 90 | E46: INV-2608-0086 | F46: 46252 | G46: 11월 16일 | H46: 9448 | I46: 5780 | J46: EUR
A47: 영업2팀 B | B47: Oroasta Handelsgesellschaft AG | C47: Germany | D47: O/A 90 | E47: INV-2608-0129 | F47: 8월 26일 | G47: 26.11.24 | H47: 26874 | I47: 16640 | J47: EUR
A48: 영업2팀 B | B48: Oroasta Handelsgesellschaft AG | C48: Germany | D48: O/A 90일 | E48: INV-2608-0147 | F48: 8월 30일 | G48: 11월 28일 | H48: 7103 | I48: 4440 | J48: EUR
A49: 영업2팀 B | B49: Oroasta Handelsgesellschaft AG | C49: Germany | D49: 사후송금 90일 | E49: INV-2609-0046 | F49: 9월 8일 | G49: 12월 7일 | H49: 4257 | I49: 2730 | J49: EUR
A50: 영업2팀 B | B50: Oroasta Handelsgesellschaft AG | C50: Germany | D50: 사후송금 90일 | E50: INV-2609-0055 | F50: 9월 10일 | G50: 12월 9일 | H50: 8747 | I50: 5590 | J50: EUR | K50: 8/28 약속했으나 미입금
A51: 영업2팀 B | B51: Oroasta Handelsgesellschaft AG | C51: Germany | D51: OA90days | E51: INV-2609-0063 | F51: 26.9.12 | G51: 12월 11일 | H51: 19068 | I51: 12260 | J51: EUR
A52: 영업2팀 B | B52: Oroasta Handelsgesellschaft AG | C52: Germany | D52: OA90days | E52: INV-2609-0092 | F52: 9월 17일 | G52: 12월 16일 | H52: 105204 | I52: 66390 | J52: EUR | K52: 분할 입금 합의 — 10/10, 11/10
A53: 영업2팀 B | B53: Oroasta Handelsgesellschaft AG | C53: Germany | D53: OA 90 DAYS | E53: INV-2609-0112 | F53: 9월 21일 | G53: 12월 20일 | H53: 7647 | I53: 4850 | J53: EUR
A54: 영업2팀 B | B54: Oroasta Handelsgesellschaft AG | C54: Germany | D54: TT 30/70 | E54: INV-2609-0113 | F54: 46286 | G54: 10월 21일 | H54: 4651 | I54: 2950 | J54: EUR
A55: 영업2팀 B | B55: Oroasta Handelsgesellschaft AG | C55: Germany | D55: O/A 90일 | E55: INV-2609-0129 | F55: 9월 24일 | G55: 12월 23일 | H55: 7772 | I55: 4990 | J55: EUR
A56: 영업2팀 B | B56: Oroasta Handelsgesellschaft AG | C56: Germany | D56: O/A 90 | E56: INV-2609-0141 | F56: 9월 26일 | G56: 12월 25일 | H56: 5567 | I56: 3600 | J56: EUR
A57: 영업2팀 B | B57: Oroyn Distribution LLC | C57: United States | D57: O/A 90일 | E57: INV-2607-0162 | F57: 7월 26일 | G57: 10월 24일 | H57: 16843 | I57: 11530 | J57: USD
A58: 영업2팀 B | B58: Oroyn Distribution LLC | C58: United States | D58: OA 90 DAYS | E58: INV-2608-0087 | F58: 8월 18일 | G58: 11월 16일 | H58: 6818 | I58: 4830 | J58: USD | K58: 10월말까지 일부 입금 약속
A59: 영업2팀 B | B59: Quineth Handel B.V. | C59: Netherlands | D59: O/A 90일 | E59: INV-2608-0092 | F59: 8월 20일 | G59: 11월 18일 | H59: 4312 | I59: 2650 | J59: EUR
A60: 영업2팀 B 소계 | H60: =SUM(H33:H59) -> 470163
A62: 영업2팀 C | B62: Belost Trading Inc. | C62: United States | D62: T/T 30% 선수 70% 선적후 | E62: INV-2609-0023 | F62: 46269 | G62: 46299 | H62: 49807 | I62: 36990 | J62: USD
A63: 영업2팀 C | B63: Belost Trading Inc. | C63: United States | D63: T/T 30% 선수 70% 선적후 | E63: INV-2609-0045 | F63: 26.9.8 | G63: 46303 | H63: 2535 | I63: 1890 | J63: USD
A64: 영업2팀 C | B64: Briera Messtechnik GmbH | C64: Germany | D64: D/A 60일 | E64: INV-2608-0065 | F64: 46248 | G64: 26.10.13 | H64: 44698 | I64: 27290 | J64: EUR | K64: 11월 둘째 주 결제 약속
A65: 영업2팀 C | B65: Briera Messtechnik GmbH | C65: Germany | D65: D/A 60 | E65: INV-2608-0077 | F65: 46250 | G65: 46310 | H65: 8926 | I65: 5450 | J65: EUR
A66: 영업2팀 C | B66: Camano Meettechniek B.V. | C66: Netherlands | D66: OA90days | E66: INV-2608-0001 | F66: 46235 | G66: 46325 | H66: 5975 | I66: 3610 | J66: EUR
A67: 영업2팀 C | B67: Camano Meettechniek B.V. | C67: Netherlands | D67: O/A 90 | E67: INV-2608-0014 | F67: 46237 | G67: 46327 | H67: 9252 | I67: 5620 | J67: EUR
A68: 영업2팀 C | B68: Camano Meettechniek B.V. | C68: Netherlands | D68: OA90days | E68: INV-2608-0032 | F68: 46242 | G68: 46332 | H68: 14456 | I68: 8870 | J68: EUR
A69: 영업2팀 C | B69: Camano Meettechniek B.V. | C69: Netherlands | D69: O/A 90 | E69: INV-2609-0135 | F69: 46291 | G69: 12월 25일 | H69: 8706 | I69: 5630 | J69: EUR
A70: 영업2팀 C | B70: Goreth Inżynieria Sp. z o.o. | C70: Poland | D70: OA 60 DAYS | E70: INV-2607-0027 | F70: 46208 | G70: 9월 3일 | H70: 22608 | I70: 12840 | J70: EUR
A71: 영업2팀 C | B71: Goreth Inżynieria Sp. z o.o. | C71: Poland | D71: O/A 60 | E71: INV-2608-0121 | F71: 46258 | G71: 46318 | H71: 7470 | I71: 4630 | J71: EUR
A72: 영업2팀 C | B72: Goreth Inżynieria Sp. z o.o. | C72: Poland | D72: OA60days | E72: INV-2609-0036 | F72: 46271 | G72: 46331 | H72: 5288 | I72: 3380 | J72: EUR
A73: 영업2팀 C | B73: Goreth Inżynieria Sp. z o.o. | C73: Poland | D73: O/A 60일 | E73: INV-2609-0060 | F73: 46276 | G73: 46336 | H73: 14169 | I73: 9110 | J73: EUR
A74: 영업2팀 C | B74: Goreth Inżynieria Sp. z o.o. | C74: Poland | D74: OA60days | E74: INV-2609-0124 | F74: 9월 23일 | G74: 46348 | H74: 31447 | I74: 20190 | J74: EUR
A75: 영업2팀 C | B75: Kalaro Industrial S.A. de C.V. | C75: Mexico | D75: 사후송금 60일 | E75: INV-2606-0120 | F75: 6월 26일 | G75: 46259 | H75: 22894 | I75: 14930 | J75: USD
A76: 영업2팀 C | B76: Kalaro Industrial S.A. de C.V. | C76: Mexico | D76: OA60days | E76: INV-2607-0015 | F76: 46207 | G76: 46267 | H76: 24117 | I76: 15680 | J76: USD
A77: 영업2팀 C | B77: Kalaro Industrial S.A. de C.V. | C77: Mexico | D77: OA60days | E77: INV-2608-0053 | F77: 46246 | G77: 46306 | H77: 25437 | I77: 17960 | J77: USD
A78: 영업2팀 C | B78: Kalaro Industrial S.A. de C.V. | C78: Mexico | D78: OA60days | E78: INV-2608-0114 | F78: 46257 | G78: 46317 | H78: 9487 | I78: 6850 | J78: USD
A79: 영업2팀 C | B79: Kalaro Industrial S.A. de C.V. | C79: Mexico | D79: 사후송금 60일 | E79: INV-2609-0086 | F79: 26.9.16 | G79: 26.11.15 | H79: 4404 | I79: 3220 | J79: USD
A80: 영업2팀 C | B80: Kalaro Industrial S.A. de C.V. | C80: Mexico | D80: O/A 60일 | E80: INV-2609-0128 | F80: 46289 | G80: 46349 | H80: 19912 | I80: 14540 | J80: USD
A81: 영업2팀 C | B81: Kalaro Industrial S.A. de C.V. | C81: Mexico | D81: O/A 60 | E81: INV-2609-0138 | F81: 46291 | G81: 46351 | H81: 11327 | I81: 8350 | J81: USD
A82: 영업2팀 C | B82: Marova Trading Inc. | C82: United States | D82: OA 90 DAYS | E82: INV-2608-0024 | F82: 46240 | G82: 46330 | H82: 11289 | I82: 7930 | J82: USD
A83: 영업2팀 C | B83: Marova Trading Inc. | C83: United States | D83: O/A 90일 | E83: INV-2609-0047 | F83: 46273 | G83: 46363 | H83: 22224 | I83: 16570 | J83: USD
A84: 영업2팀 C | B84: Marova Trading Inc. | C84: United States | D84: O/A 90일 | E84: INV-2609-0073 | F84: 46278 | G84: 46368 | H84: 1273 | I84: 950 | J84: USD
A85: 영업2팀 C | B85: Praix Industrial Ltda. | C85: Brazil | D85: OA 30 DAYS | E85: INV-2608-0054 | F85: 26.8.12 | G85: 46276 | H85: 68365 | I85: 48270 | J85: USD
A86: 영업2팀 C | B86: Uleon Anlagenbau GmbH | C86: Germany | D86: OA 60 DAYS | E86: INV-2607-0001 | F86: 46204 | G86: 46264 | H86: 12092 | I86: 6850 | J86: EUR
A87: 영업2팀 C | B87: Uleon Anlagenbau GmbH | C87: Germany | D87: 사후송금 60일 | E87: INV-2608-0117 | F87: 46258 | G87: 46318 | H87: 1984531 | I87: 1230 | J87: EUR | K87: 선적 지연으로 결제 연기 요청
A88: 영업2팀 C 소계 | H88: =SUM(H62:H87) -> 2442689
A90: 영업2팀 D | B90: Briion Projects Corp. | C90: United States | D90: L/C 90 days usance | E90: INV-2608-0143 | F90: 26.8.30 | G90: 26.11.28 | H90: 41258 | I90: 29910 | J90: USD
A91: 영업2팀 D | B91: Corost Comercializadora S.A. de C.V. | C91: Mexico | D91: O/A 90 | E91: INV-2605-0073 | F91: 26.5.15 | G91: 26.8.13 | H91: 33201 | I91: 22140 | J91: USD | K91: 9/25 통화, 10월 초 송금 약속
A92: 영업2팀 D | B92: Corost Comercializadora S.A. de C.V. | C92: Mexico | D92: OA 90 DAYS | E92: INV-2606-0113 | F92: 26.6.24 | G92: 26.9.22 | H92: 11569 | I92: 7500 | J92: USD
A93: 영업2팀 D | B93: Corost Comercializadora S.A. de C.V. | C93: Mexico | D93: O/A 90 | E93: INV-2607-0073 | F93: 26.7.14 | G93: 46307 | H93: 6736 | I93: 4520 | J93: USD
A94: 영업2팀 D | B94: Corost Comercializadora S.A. de C.V. | C94: Mexico | D94: O/A 90 | E94: INV-2607-0098 | F94: 26.7.18 | G94: 26.10.16 | H94: 21567 | I94: 14480 | J94: USD
A95: 영업2팀 D | B95: Corost Comercializadora S.A. de C.V. | C95: Mexico | D95: O/A 90 | E95: INV-2607-0121 | F95: 7월 21일 | G95: 26.10.19 | H95: 7354 | I95: 4970 | J95: USD
A96: 영업2팀 D | B96: Corost Comercializadora S.A. de C.V. | C96: Mexico | D96: OA 90 DAYS | E96: INV-2609-0151 | F96: 26.9.28 | G96: 26.12.27 | H96: 4,436 | I96: 3270 | J96: USD
A97: 영업2팀 D | B97: Galeth Instruments LLC | C97: United States | D97: OA60days | E97: INV-2607-0114 | F97: 26.7.20 | G97: 26.9.18 | H97: 7052 | I97: 4770 | J97: USD
A98: 영업2팀 D | B98: Galeth Instruments LLC | C98: United States | D98: OA 60 DAYS | E98: INV-2607-0153 | F98: 26.7.25 | G98: 26.9.23 | H98: 25,695 | I98: 17590 | J98: USD
A99: 영업2팀 D | B99: Galeth Instruments LLC | C99: United States | D99: OA 60 DAYS | E99: INV-2608-0134 | F99: 26.8.27 | G99: 26.10.26 | H99: 5332 | I99: 3860 | J99: USD
A100: 영업2팀 D | B100: Galeth Instruments LLC | C100: United States | D100: O/A 60일 | E100: INV-2609-0091 | F100: 26.9.17 | G100: 26.11.16 | H100: 18622 | I100: 13490 | J100: USD | K100: B/L 사본 대기
A101: 영업2팀 D | B101: Gemvelund Anlagenbau GmbH | C101: Germany | D101: O/A 60일 | E101: INV-2608-0139 | F101: 26.8.28 | G101: 26.10.27 | H101: 29181 | I101: 18240 | J101: EUR
A102: 영업2팀 D | B102: Gemvelund Anlagenbau GmbH | C102: Germany | D102: OA60days | E102: INV-2609-0160 | F102: 26.9.30 | G102: 26.11.29 | H102: 19516 | I102: 12620 | J102: EUR
A103: 영업2팀 D | B103: Helvara Humanitarian Supply Agency | C103: Germany | D103: 사후송금 30일 | E103: INV-2609-0053 | F103: 26.9.10 | G103: 26.10.10 | H103: 15773 | I103: 10080 | J103: EUR | K103: B/L 사본 대기
A104: 영업2팀 D | B104: Ivoost Industrial Ltda. | C104: Brazil | D104: O/A 60 | E104: INV-2609-0032 | F104: 26.9.5 | G104: 26.11.4 | H104: 5884 | I104: 4370 | J104: USD
...

Sheet 중동·아프리카
A1: 2026년 9월말 미수금 현황 (단위: 천원)
A3: 담당 | B3: 바이어 | C3: 국가 | D3: 결제조건 | E3: 인보이스 번호 | F3: 선적일 | G3: 만기일 | H3: 금액 | K3: 메모
H4: 원화(천원) | I4: 외화 | J4: 통화
A5: 영업3팀 A | B5: Bexura Industries S.A.E. | C5: Egypt | D5: OA30days | E5: INV-2608-0153 | F5: 26.8.31 | G5: 9월 30일 | H5: 2107 | I5: 1540 | J5: USD
A6: 영업3팀 A | B6: Bexura Industries S.A.E. | C6: Egypt | D6: O/A 30일 | E6: INV-2609-0154 | F6: 26.9.28 | G6: 26.10.28 | H6: 10323 | I6: 7610 | J6: USD
A7: 영업3팀 A | B7: Corida Trading LLC | C7: United Arab Emirates | D7: OA90days | E7: INV-2606-0043 | F7: 26.6.10 | G7: 26.9.8 | H7: 68367 | I7: 45000 | J7: USD
A8: 영업3팀 A | B8: Corida Trading LLC | C8: United Arab Emirates | D8: OA 90 DAYS | E8: INV-2607-0115 | F8: 26.7.20 | G8: 10월 18일 | H8: 103482 | I8: 70000 | J8: USD
A9: 영업3팀 A | B9: Corida Trading LLC | C9: United Arab Emirates | D9: OA 90 DAYS | E9: INV-2609-0031 | F9: 26.9.5 | G9: 26.12.4 | H9: 161581 | I9: 120000 | J9: USD
A10: 영업3팀 A | B10: Lumasta Engineering LLC | C10: United Arab Emirates | D10: D/A 90 | E10: INV-2605-0010 | F10: 46144 | G10: 26.7.31 | H10: 10075 | I10: 6820 | J10: USD
A11: 영업3팀 A | B11: Lumasta Engineering LLC | C11: United Arab Emirates | D11: D/A 90일 | E11: INV-2607-0048 | F11: 26.7.10 | G11: 26.10.8 | H11: 7235 | I11: 4820 | J11: USD | K11: 분할 입금 합의 — 10/10, 11/10
A12: 영업3팀 A | B12: Lumasta Engineering LLC | C12: United Arab Emirates | D12: D/A 90일 | E12: INV-2607-0049 | F12: 26.7.10 | G12: 26.10.8 | H12: 4908 | I12: 3270 | J12: USD
A13: 영업3팀 A | B13: Lumasta Engineering LLC | C13: United Arab Emirates | D13: D/A 90일 | E13: INV-2608-0043 | F13: 26.8.10 | G13: 26.11.8 | H13: 34446 | I13: 24300 | J13: USD
A14: 영업3팀 A | B14: Lumasta Engineering LLC | C14: United Arab Emirates | D14: D/A 90 | E14: INV-2609-0159 | F14: 26.9.30 | G14: 26.12.29 | H14: 21012 | I14: 15490 | J14: USD
A15: 영업3팀 A | B15: Marano Home & Lab Stores FZE | C15: United Arab Emirates | D15: DA60days | E15: INV-2607-0158 | F15: 26.7.26 | G15: 26.9.24 | H15: 17704 | I15: 12120 | J15: USD
A16: 영업3팀 A | B16: Marano Home & Lab Stores FZE | C16: United Arab Emirates | D16: DA60days | E16: INV-2608-0072 | F16: 26.8.16 | G16: 26.10.15 | H16: 7722 | I16: 5460 | J16: USD | K16: 분할 입금 합의 — 10/10, 11/10
A17: 영업3팀 A | B17: Marano Home & Lab Stores FZE | C17: United Arab Emirates | D17: OA90days | E17: INV-2609-0003 | F17: 26.9.1 | G17: 26.11.30 | H17: 16050 | I17: 11700 | J17: USD
A18: 영업3팀 A | B18: Marano Home & Lab Stores FZE | C18: United Arab Emirates | D18: D/A 60일 | E18: INV-2609-0072 | F18: 26.9.13 | G18: 26.11.12 | H18: 5388 | I18: 4020 | J18: USD
A19: 영업3팀 A | B19: Marano Home & Lab Stores FZE | C19: United Arab Emirates | D19: D/A 60일 | E19: INV-2609-0099 | F19: 26.9.19 | G19: 26.11.18 | H19: 50,022 | I19: 36040 | J19: USD
A20: 영업3팀 A | B20: Marano Home & Lab Stores FZE | C20: United Arab Emirates | D20: D/A 60일 | E20: INV-2609-0132 | F20: 26.9.25 | G20: 26.11.24 | H20: 17255 | I20: 12720 | J20: USD
A21: 영업3팀 A 소계 | H21: =SUM(H5:H20) -> 487655
A23: 영업3팀 B | B23: Bexova Industries Est. | C23: Saudi Arabia | D23: DA90days | E23: INV-2607-0143 | F23: 46226 | G23: 46316 | H23: 9321 | I23: 6320 | J23: USD
A24: 영업3팀 B | B24: Bexova Industries Est. | C24: Saudi Arabia | D24: DA90days | E24: INV-2609-0098 | F24: 46284 | G24: 46374 | H24: 11728 | I24: 8450 | J24: USD
A25: 영업3팀 B | B25: Camost Ticaret Ltd. Şti. | C25: Türkiye | D25: 사후송금 60일 | E25: INV-2607-0095 | F25: 7월 17일 | G25: 46280 | H25: 2741 | I25: 1840 | J25: USD
A26: 영업3팀 B | B26: Camost Ticaret Ltd. Şti. | C26: Turkey | D26: O/A 60일 | E26: INV-2608-0013 | F26: 46236 | G26: 46296 | H26: 20144 | I26: 14020 | J26: USD
A27: 영업3팀 B | B27: Camost Ticaret Ltd. Şti. | C27: Türkiye | D27: 사후송금 60일 | E27: INV-2608-0084 | F27: 46251 | G27: 46311 | H27: 11090 | I27: 7850 | J27: USD
A28: 영업3팀 B | B28: Camost Ticaret Ltd. Şti. | C28: Türkiye | D28: 사후송금 60일 | E28: INV-2608-0122 | F28: 46258 | G28: 46318 | H28: 1840 | I28: 1330 | J28: USD
A29: 영업3팀 B | B29: Davant Endüstriyel Ölçüm Ltd. Şti. | C29: Türkiye | D29: 사후송금 30일 | E29: INV-2608-0137 | F29: 46262 | G29: 46292 | H29: 15463 | I29: 11210 | J29: USD
A30: 영업3팀 B | B30: Davant Endüstriyel Ölçüm Ltd. Şti. | C30: Türkiye | D30: OA30days | E30: INV-2609-0103 | F30: 9월 20일 | G30: 46315 | H30: 29106 | I30: 20970 | J30: US$
A31: 영업3팀 B | B31: Davant Endüstriyel Ölçüm Ltd. Şti. | C31: Turkey | D31: O/A 30 | E31: INV-2609-0110 | F31: 46286 | G31: 46316 | H31: 2928 | I31: 2130 | J31: USD
A32: 영업3팀 B | B32: Davant Endüstriyel Ölçüm Ltd. Şti. | C32: Turkey | D32: O/A 30 | E32: INV-2609-0155 | F32: 46294 | G32: 46324 | H32: 11191 | I32: 8250 | J32: USD
A33: 영업3팀 B | B33: Morost Automation Ltd | C33: Nigeria | D33: L/C at sight | E33: INV-2609-0153 | F33: 46293 | G33: 46300 | H33: 1031 | I33: 760 | J33: USD
A34: 영업3팀 B | B34: Orunde State Water Board | C34: Nigeria | D34: OA 30 DAYS | E34: INV-2609-0058 | F34: 46276 | G34: 46306 | H34: 118027 | I34: 88060 | J34: USD
A35: 영업3팀 B | B35: Rovella Water Services FZE | C35: United Arab Emirates | D35: 사후송금 60일 | E35: INV-2608-0008 | F35: 46235 | G35: 46295 | H35: 75361 | I35: 52450 | J35: USD
A36: 영업3팀 B | B36: Rovella Water Services FZE | C36: United Arab Emirates | D36: 사후송금 60일 | E36: INV-2608-0057 | F36: 46246 | G36: 46306 | H36: 38,212 | I36: 26980 | J36: USD
A37: 영업3팀 B | B37: Rovella Water Services FZE | C37: United Arab Emirates | D37: OA 60 DAYS | E37: INV-2609-0040 | F37: 46271 | G37: 46331 | H37: 25557 | I37: 18980 | J37: USD
A38: 영업3팀 B | B38: Rovella Water Services FZE | C38: United Arab Emirates | D38: 사후송금 60일 | E38: INV-2609-0126 | F38: 46288 | G38: 46348 | H38: 7505 | I38: 5490 | J38: USD | K38: 10월말까지 일부 입금 약속
A39: 영업3팀 B | B39: Zarix Ticaret Ltd. Şti. | C39: Türkiye | D39: 사후송금 30일 | E39: INV-2609-0067 | F39: 46277 | G39: 46307 | H39: 19957 | I39: 14890 | J39: USD
A40: 영업3팀 B 소계 | H40: =SUM(H23:H39) -> 362990
A42: 합계 | H42: =H21+H40 -> 850645
